plotId,ifn,province,municipality,latWGS84,lngWGS84,dataCapture,plotifn3Id,plotIri,plotifn3Iri
"40-36","ifn2","Segovia","San Cristóbal de Cuéllar",41.433166,-4.401576,1991,"40-36-A-1","https://datos.iepnb.es/recurso/sector-publico/medio-ambiente/ifn2/plot/plot-40-36","https://datos.iepnb.es/recurso/sector-publico/medio-ambiente/ifn3/plot/plot-40-36-A-1"
"40-37","ifn2","Segovia","Cuéllar",41.433739,-4.353714,1991,"40-37-A-3E","https://datos.iepnb.es/recurso/sector-publico/medio-ambiente/ifn2/plot/plot-40-37","https://datos.iepnb.es/recurso/sector-publico/medio-ambiente/ifn3/plot/plot-40-37-A-3E"
"40-40","ifn2","Segovia","Cuéllar",41.434427,-4.293884,1991,"40-40-A-1","https://datos.iepnb.es/recurso/sector-publico/medio-ambiente/ifn2/plot/plot-40-40","https://datos.iepnb.es/recurso/sector-publico/medio-ambiente/ifn3/plot/plot-40-40-A-1"
"40-47","ifn2","Segovia","Cuéllar",41.42582,-4.257812,1991,"40-47-A-3C","https://datos.iepnb.es/recurso/sector-publico/medio-ambiente/ifn2/plot/plot-40-47","https://datos.iepnb.es/recurso/sector-publico/medio-ambiente/ifn3/plot/plot-40-47-A-3C"
"40-73","ifn2","Segovia","Mata de Cuéllar",41.369083,-4.483897,1991,"40-73-A-1","https://datos.iepnb.es/recurso/sector-publico/medio-ambiente/ifn2/plot/plot-40-73","https://datos.iepnb.es/recurso/sector-publico/medio-ambiente/ifn3/plot/plot-40-73-A-1"
"40-95","ifn2","Segovia","Remondo",41.360079,-4.483692,1991,"40-95-A-1","https://datos.iepnb.es/recurso/sector-publico/medio-ambiente/ifn2/plot/plot-40-95","https://datos.iepnb.es/recurso/sector-publico/medio-ambiente/ifn3/plot/plot-40-95-A-1"
"40-102","ifn2","Segovia","Chañe",41.361415,-4.376125,1991,"40-102-A-1","https://datos.iepnb.es/recurso/sector-publico/medio-ambiente/ifn2/plot/plot-40-102","https://datos.iepnb.es/recurso/sector-publico/medio-ambiente/ifn3/plot/plot-40-102-A-1"
"40-364","ifn2","Segovia","Villaverde de Íscar",41.305266,-4.542174,1991,"40-364-A-3C","https://datos.iepnb.es/recurso/sector-publico/medio-ambiente/ifn2/plot/plot-40-364","https://datos.iepnb.es/recurso/sector-publico/medio-ambiente/ifn3/plot/plot-40-364-A-3C"
"40-372","ifn2","Segovia","Villaverde de Íscar",41.287258,-4.54175,1991,"40-372-A-1","https://datos.iepnb.es/recurso/sector-publico/medio-ambiente/ifn2/plot/plot-40-372","https://datos.iepnb.es/recurso/sector-publico/medio-ambiente/ifn3/plot/plot-40-372-A-1"
"40-373","ifn2","Segovia","Villaverde de Íscar",41.287417,-4.529812,1991,"40-373-A-1","https://datos.iepnb.es/recurso/sector-publico/medio-ambiente/ifn2/plot/plot-40-373","https://datos.iepnb.es/recurso/sector-publico/medio-ambiente/ifn3/plot/plot-40-373-A-1"
"40-378","ifn2","Segovia","Villeguillo",41.268927,-4.565195,1991,"40-378-A-4","https://datos.iepnb.es/recurso/sector-publico/medio-ambiente/ifn2/plot/plot-40-378","https://datos.iepnb.es/recurso/sector-publico/medio-ambiente/ifn3/plot/plot-40-378-A-4"
"40-396","ifn2","Segovia","Coca",41.197053,-4.551556,1991,"40-396-A-1","https://datos.iepnb.es/recurso/sector-publico/medio-ambiente/ifn2/plot/plot-40-396","https://datos.iepnb.es/recurso/sector-publico/medio-ambiente/ifn3/plot/plot-40-396-A-1"
"40-422","ifn2","Segovia","Fresneda de Cuéllar",41.306356,-4.458583,1991,"40-422-A-1","https://datos.iepnb.es/recurso/sector-publico/medio-ambiente/ifn2/plot/plot-40-422","https://datos.iepnb.es/recurso/sector-publico/medio-ambiente/ifn3/plot/plot-40-422-A-1"
"40-432","ifn2","Segovia","Fresneda de Cuéllar",41.297352,-4.458382,1991,"40-432-A-1","https://datos.iepnb.es/recurso/sector-publico/medio-ambiente/ifn2/plot/plot-40-432","https://datos.iepnb.es/recurso/sector-publico/medio-ambiente/ifn3/plot/plot-40-432-A-1"
"40-443","ifn2","Segovia","Villaverde de Íscar",41.287575,-4.517874,1991,"40-443-A-1","https://datos.iepnb.es/recurso/sector-publico/medio-ambiente/ifn2/plot/plot-40-443","https://datos.iepnb.es/recurso/sector-publico/medio-ambiente/ifn3/plot/plot-40-443-A-1"
"40-444","ifn2","Segovia","Fuente el Olmo de Íscar",41.288042,-4.482059,1991,"40-444-A-1","https://datos.iepnb.es/recurso/sector-publico/medio-ambiente/ifn2/plot/plot-40-444","https://datos.iepnb.es/recurso/sector-publico/medio-ambiente/ifn3/plot/plot-40-444-A-1"
"40-446","ifn2","Segovia","Samboal",41.288347,-4.458182,1991,"40-446-A-1","https://datos.iepnb.es/recurso/sector-publico/medio-ambiente/ifn2/plot/plot-40-446","https://datos.iepnb.es/recurso/sector-publico/medio-ambiente/ifn3/plot/plot-40-446-A-1"
"40-448","ifn2","Segovia","Samboal",41.288942,-4.410427,1991,"40-448-A-1","https://datos.iepnb.es/recurso/sector-publico/medio-ambiente/ifn2/plot/plot-40-448","https://datos.iepnb.es/recurso/sector-publico/medio-ambiente/ifn3/plot/plot-40-448-A-1"
"40-462","ifn2","Segovia","Samboal",41.27919,-4.469918,1991,"40-462-A-1","https://datos.iepnb.es/recurso/sector-publico/medio-ambiente/ifn2/plot/plot-40-462","https://datos.iepnb.es/recurso/sector-publico/medio-ambiente/ifn3/plot/plot-40-462-A-1"
"40-463","ifn2","Segovia","Samboal",41.279342,-4.457981,1991,"40-463-A-1","https://datos.iepnb.es/recurso/sector-publico/medio-ambiente/ifn2/plot/plot-40-463","https://datos.iepnb.es/recurso/sector-publico/medio-ambiente/ifn3/plot/plot-40-463-A-1"
"40-465","ifn2","Segovia","Samboal",41.27979,-4.42217,1991,"40-465-A-1","https://datos.iepnb.es/recurso/sector-publico/medio-ambiente/ifn2/plot/plot-40-465","https://datos.iepnb.es/recurso/sector-publico/medio-ambiente/ifn3/plot/plot-40-465-A-1"
"40-481","ifn2","Segovia","Samboal",41.270337,-4.457781,1991,"40-481-A-1","https://datos.iepnb.es/recurso/sector-publico/medio-ambiente/ifn2/plot/plot-40-481","https://datos.iepnb.es/recurso/sector-publico/medio-ambiente/ifn3/plot/plot-40-481-A-1"
"40-515","ifn2","Segovia","Coca",41.252023,-4.481244,1991,"40-515-A-1","https://datos.iepnb.es/recurso/sector-publico/medio-ambiente/ifn2/plot/plot-40-515","https://datos.iepnb.es/recurso/sector-publico/medio-ambiente/ifn3/plot/plot-40-515-A-1"
"40-516","ifn2","Segovia","Coca",41.252176,-4.469312,1991,"40-516-A-3C","https://datos.iepnb.es/recurso/sector-publico/medio-ambiente/ifn2/plot/plot-40-516","https://datos.iepnb.es/recurso/sector-publico/medio-ambiente/ifn3/plot/plot-40-516-A-3C"
"40-517","ifn2","Segovia","Coca",41.252328,-4.45738,1991,"40-517-A-1","https://datos.iepnb.es/recurso/sector-publico/medio-ambiente/ifn2/plot/plot-40-517","https://datos.iepnb.es/recurso/sector-publico/medio-ambiente/ifn3/plot/plot-40-517-A-1"
"40-557","ifn2","Segovia","Coca",41.234013,-4.480838,1991,"40-557-A-1","https://datos.iepnb.es/recurso/sector-publico/medio-ambiente/ifn2/plot/plot-40-557","https://datos.iepnb.es/recurso/sector-publico/medio-ambiente/ifn3/plot/plot-40-557-A-1"
"40-561","ifn2","Segovia","Navas de Oro",41.234617,-4.433122,1991,"40-561-A-1","https://datos.iepnb.es/recurso/sector-publico/medio-ambiente/ifn2/plot/plot-40-561","https://datos.iepnb.es/recurso/sector-publico/medio-ambiente/ifn3/plot/plot-40-561-A-1"
"40-571","ifn2","Segovia","Coca",41.224543,-4.516415,1991,"40-571-A-1","https://datos.iepnb.es/recurso/sector-publico/medio-ambiente/ifn2/plot/plot-40-571","https://datos.iepnb.es/recurso/sector-publico/medio-ambiente/ifn3/plot/plot-40-571-A-1"
"40-575","ifn2","Segovia","Navas de Oro",41.225162,-4.468707,1991,"40-575-A-1","https://datos.iepnb.es/recurso/sector-publico/medio-ambiente/ifn2/plot/plot-40-575","https://datos.iepnb.es/recurso/sector-publico/medio-ambiente/ifn3/plot/plot-40-575-A-1"
"40-578","ifn2","Segovia","Navas de Oro",41.225907,-4.409071,1991,"40-578-A-1","https://datos.iepnb.es/recurso/sector-publico/medio-ambiente/ifn2/plot/plot-40-578","https://datos.iepnb.es/recurso/sector-publico/medio-ambiente/ifn3/plot/plot-40-578-A-1"
"40-584","ifn2","Segovia","Coca",41.215695,-4.504282,1991,"40-584-A-1","https://datos.iepnb.es/recurso/sector-publico/medio-ambiente/ifn2/plot/plot-40-584","https://datos.iepnb.es/recurso/sector-publico/medio-ambiente/ifn3/plot/plot-40-584-A-1"
"40-588","ifn2","Segovia","Navas de Oro",41.216308,-4.45658,1991,"40-588-A-3C","https://datos.iepnb.es/recurso/sector-publico/medio-ambiente/ifn2/plot/plot-40-588","https://datos.iepnb.es/recurso/sector-publico/medio-ambiente/ifn3/plot/plot-40-588-A-3C"
"40-745","ifn2","Segovia","Fuenterrebollo",41.303095,-3.897104,1991,"40-745-A-1","https://datos.iepnb.es/recurso/sector-publico/medio-ambiente/ifn2/plot/plot-40-745","https://datos.iepnb.es/recurso/sector-publico/medio-ambiente/ifn3/plot/plot-40-745-A-1"
"40-1150","ifn2","Segovia","Montejo de Arévalo",41.158845,-4.705592,1991,"40-1150-A-1","https://datos.iepnb.es/recurso/sector-publico/medio-ambiente/ifn2/plot/plot-40-1150","https://datos.iepnb.es/recurso/sector-publico/medio-ambiente/ifn3/plot/plot-40-1150-A-1"
"40-1151","ifn2","Segovia","Santiuste de San Juan Bautista",41.161353,-4.526876,1991,"40-1151-A-1","https://datos.iepnb.es/recurso/sector-publico/medio-ambiente/ifn2/plot/plot-40-1151","https://datos.iepnb.es/recurso/sector-publico/medio-ambiente/ifn3/plot/plot-40-1151-A-1"
"40-1152","ifn2","Segovia","Montejo de Arévalo",41.149841,-4.705358,1991,"40-1152-A-1","https://datos.iepnb.es/recurso/sector-publico/medio-ambiente/ifn2/plot/plot-40-1152","https://datos.iepnb.es/recurso/sector-publico/medio-ambiente/ifn3/plot/plot-40-1152-A-1"
"40-1155","ifn2","Segovia","Donhierro",41.131656,-4.7168,1991,"40-1155-A-3C","https://datos.iepnb.es/recurso/sector-publico/medio-ambiente/ifn2/plot/plot-40-1155","https://datos.iepnb.es/recurso/sector-publico/medio-ambiente/ifn3/plot/plot-40-1155-A-3C"
"40-1166","ifn2","Segovia","Aldehuela del Codonal",41.0623,-4.524582,1991,"40-1166-A-1","https://datos.iepnb.es/recurso/sector-publico/medio-ambiente/ifn2/plot/plot-40-1166","https://datos.iepnb.es/recurso/sector-publico/medio-ambiente/ifn3/plot/plot-40-1166-A-1"
"40-1171","ifn2","Segovia","Juarros de Voltoya",41.025964,-4.547532,1991,"40-1171-A-1","https://datos.iepnb.es/recurso/sector-publico/medio-ambiente/ifn2/plot/plot-40-1171","https://datos.iepnb.es/recurso/sector-publico/medio-ambiente/ifn3/plot/plot-40-1171-A-1"
"40-1187","ifn2","Segovia","Carbonero el Mayor",41.164132,-4.300472,1991,"40-1187-A-1","https://datos.iepnb.es/recurso/sector-publico/medio-ambiente/ifn2/plot/plot-40-1187","https://datos.iepnb.es/recurso/sector-publico/medio-ambiente/ifn3/plot/plot-40-1187-A-1"
"40-1193","ifn2","Segovia","Mozoncillo",41.165169,-4.205135,1991,"40-1193-A-1","https://datos.iepnb.es/recurso/sector-publico/medio-ambiente/ifn2/plot/plot-40-1193","https://datos.iepnb.es/recurso/sector-publico/medio-ambiente/ifn3/plot/plot-40-1193-A-1"
"40-1212","ifn2","Segovia","Nava de la Asunción",41.125491,-4.514132,1991,"40-1212-A-1","https://datos.iepnb.es/recurso/sector-publico/medio-ambiente/ifn2/plot/plot-40-1212","https://datos.iepnb.es/recurso/sector-publico/medio-ambiente/ifn3/plot/plot-40-1212-A-1"
"40-1217","ifn2","Segovia","Nava de la Asunción",41.116642,-4.502017,1991,"40-1217-A-1","https://datos.iepnb.es/recurso/sector-publico/medio-ambiente/ifn2/plot/plot-40-1217","https://datos.iepnb.es/recurso/sector-publico/medio-ambiente/ifn3/plot/plot-40-1217-A-1"
"40-1223","ifn2","Segovia","Nava de la Asunción",41.107792,-4.489907,1991,"40-1223-A-1","https://datos.iepnb.es/recurso/sector-publico/medio-ambiente/ifn2/plot/plot-40-1223","https://datos.iepnb.es/recurso/sector-publico/medio-ambiente/ifn3/plot/plot-40-1223-A-1"
"40-1275","ifn2","Segovia","Mozoncillo",41.15641,-4.181138,1992,"40-1275-A-1","https://datos.iepnb.es/recurso/sector-publico/medio-ambiente/ifn2/plot/plot-40-1275","https://datos.iepnb.es/recurso/sector-publico/medio-ambiente/ifn3/plot/plot-40-1275-A-1"
"40-1277","ifn2","Segovia","Mozoncillo",41.156652,-4.157306,1992,"40-1277-A-1","https://datos.iepnb.es/recurso/sector-publico/medio-ambiente/ifn2/plot/plot-40-1277","https://datos.iepnb.es/recurso/sector-publico/medio-ambiente/ifn3/plot/plot-40-1277-A-1"
"40-1292","ifn2","Segovia","Escarabajosa de Cabezas",41.120747,-4.144763,1992,"40-1292-A-1","https://datos.iepnb.es/recurso/sector-publico/medio-ambiente/ifn2/plot/plot-40-1292","https://datos.iepnb.es/recurso/sector-publico/medio-ambiente/ifn3/plot/plot-40-1292-A-1"
"40-1431","ifn2","Segovia","Martín Muñoz de las Posadas",40.971451,-4.581911,1992,"40-1431-A-1","https://datos.iepnb.es/recurso/sector-publico/medio-ambiente/ifn2/plot/plot-40-1431","https://datos.iepnb.es/recurso/sector-publico/medio-ambiente/ifn3/plot/plot-40-1431-A-1"
"40-1441","ifn2","Segovia","Santa María la Real de Nieva",40.94492,-4.545638,1992,"40-1441-A-1","https://datos.iepnb.es/recurso/sector-publico/medio-ambiente/ifn2/plot/plot-40-1441","https://datos.iepnb.es/recurso/sector-publico/medio-ambiente/ifn3/plot/plot-40-1441-A-1"
"40-1446","ifn2","Segovia","Muñopedro",40.926751,-4.557091,1991,"40-1446-A-1","https://datos.iepnb.es/recurso/sector-publico/medio-ambiente/ifn2/plot/plot-40-1446","https://datos.iepnb.es/recurso/sector-publico/medio-ambiente/ifn3/plot/plot-40-1446-A-1"
"40-1450","ifn2","Segovia","Muñopedro",40.9089,-4.544799,1991,"40-1450-A-1","https://datos.iepnb.es/recurso/sector-publico/medio-ambiente/ifn2/plot/plot-40-1450","https://datos.iepnb.es/recurso/sector-publico/medio-ambiente/ifn3/plot/plot-40-1450-A-1"
"40-1453","ifn2","Segovia","Muñopedro",40.881885,-4.54417,1991,"40-1453-A-3C","https://datos.iepnb.es/recurso/sector-publico/medio-ambiente/ifn2/plot/plot-40-1453","https://datos.iepnb.es/recurso/sector-publico/medio-ambiente/ifn3/plot/plot-40-1453-A-3C"
"40-1514","ifn2","Segovia","Muñopedro",40.864957,-4.460719,1991,"40-1514-A-4","https://datos.iepnb.es/recurso/sector-publico/medio-ambiente/ifn2/plot/plot-40-1514","https://datos.iepnb.es/recurso/sector-publico/medio-ambiente/ifn3/plot/plot-40-1514-A-4"
"40-1526","ifn2","Segovia","Muñopedro",40.856249,-4.436799,1991,"40-1526-A-1","https://datos.iepnb.es/recurso/sector-publico/medio-ambiente/ifn2/plot/plot-40-1526","https://datos.iepnb.es/recurso/sector-publico/medio-ambiente/ifn3/plot/plot-40-1526-A-1"
"40-1528","ifn2","Segovia","Villacastín",40.856542,-4.413078,1991,"40-1528-A-1","https://datos.iepnb.es/recurso/sector-publico/medio-ambiente/ifn2/plot/plot-40-1528","https://datos.iepnb.es/recurso/sector-publico/medio-ambiente/ifn3/plot/plot-40-1528-A-1"
"40-1537","ifn2","Segovia","Monterrubio",40.847681,-4.401027,1991,"40-1537-A-1","https://datos.iepnb.es/recurso/sector-publico/medio-ambiente/ifn2/plot/plot-40-1537","https://datos.iepnb.es/recurso/sector-publico/medio-ambiente/ifn3/plot/plot-40-1537-A-1"
"40-1543","ifn2","Segovia","Villacastín",40.838238,-4.43641,1991,"40-1543-A-1","https://datos.iepnb.es/recurso/sector-publico/medio-ambiente/ifn2/plot/plot-40-1543","https://datos.iepnb.es/recurso/sector-publico/medio-ambiente/ifn3/plot/plot-40-1543-A-1"
"47-243","ifn2","Valladolid","Laguna de Duero",41.581468,-4.752656,1992,"47-243-A-1","https://datos.iepnb.es/recurso/sector-publico/medio-ambiente/ifn2/plot/plot-47-243","https://datos.iepnb.es/recurso/sector-publico/medio-ambiente/ifn3/plot/plot-47-243-A-1"
"47-251","ifn2","Valladolid","Laguna de Duero",41.572465,-4.752412,1992,"47-251-A-1","https://datos.iepnb.es/recurso/sector-publico/medio-ambiente/ifn2/plot/plot-47-251","https://datos.iepnb.es/recurso/sector-publico/medio-ambiente/ifn3/plot/plot-47-251-A-1"
"47-286","ifn2","Valladolid","Valladolid",41.544337,-4.823585,1992,"47-286-A-1","https://datos.iepnb.es/recurso/sector-publico/medio-ambiente/ifn2/plot/plot-47-286","https://datos.iepnb.es/recurso/sector-publico/medio-ambiente/ifn3/plot/plot-47-286-A-1"
"47-311","ifn2","Valladolid","Villanueva de Duero",41.526332,-4.823079,1992,"47-311-A-1","https://datos.iepnb.es/recurso/sector-publico/medio-ambiente/ifn2/plot/plot-47-311","https://datos.iepnb.es/recurso/sector-publico/medio-ambiente/ifn3/plot/plot-47-311-A-1"
"47-312","ifn2","Valladolid","Boecillo",41.527812,-4.727235,1992,"47-312-A-1","https://datos.iepnb.es/recurso/sector-publico/medio-ambiente/ifn2/plot/plot-47-312","https://datos.iepnb.es/recurso/sector-publico/medio-ambiente/ifn3/plot/plot-47-312-A-1"
"47-329","ifn2","Valladolid","Viana de Cega",41.518628,-4.738975,1992,"47-329-A-1","https://datos.iepnb.es/recurso/sector-publico/medio-ambiente/ifn2/plot/plot-47-329","https://datos.iepnb.es/recurso/sector-publico/medio-ambiente/ifn3/plot/plot-47-329-A-1"
"47-330","ifn2","Valladolid","Boecillo",41.518809,-4.726996,1992,"47-330-A-1","https://datos.iepnb.es/recurso/sector-publico/medio-ambiente/ifn2/plot/plot-47-330","https://datos.iepnb.es/recurso/sector-publico/medio-ambiente/ifn3/plot/plot-47-330-A-1"
"47-342","ifn2","Valladolid","Valdestillas",41.508516,-4.810597,1992,"47-342-A-1","https://datos.iepnb.es/recurso/sector-publico/medio-ambiente/ifn2/plot/plot-47-342","https://datos.iepnb.es/recurso/sector-publico/medio-ambiente/ifn3/plot/plot-47-342-A-1"
"47-345","ifn2","Valladolid","Viana de Cega",41.509076,-4.774666,1992,"47-345-A-1","https://datos.iepnb.es/recurso/sector-publico/medio-ambiente/ifn2/plot/plot-47-345","https://datos.iepnb.es/recurso/sector-publico/medio-ambiente/ifn3/plot/plot-47-345-A-1"
"47-347","ifn2","Valladolid","Viana de Cega",41.509443,-4.750711,1992,"47-347-A-1","https://datos.iepnb.es/recurso/sector-publico/medio-ambiente/ifn2/plot/plot-47-347","https://datos.iepnb.es/recurso/sector-publico/medio-ambiente/ifn3/plot/plot-47-347-A-1"
"47-351","ifn2","Valladolid","Pedraja de Portillo, La",41.510163,-4.702801,1992,"47-351-A-1","https://datos.iepnb.es/recurso/sector-publico/medio-ambiente/ifn2/plot/plot-47-351","https://datos.iepnb.es/recurso/sector-publico/medio-ambiente/ifn3/plot/plot-47-351-A-1"
"47-352","ifn2","Valladolid","Pedraja de Portillo, La",41.51034,-4.690823,1992,"47-352-A-3C","https://datos.iepnb.es/recurso/sector-publico/medio-ambiente/ifn2/plot/plot-47-352","https://datos.iepnb.es/recurso/sector-publico/medio-ambiente/ifn3/plot/plot-47-352-A-3C"
"47-356","ifn2","Valladolid","Portillo",41.511874,-4.583017,1992,"47-356-A-1","https://datos.iepnb.es/recurso/sector-publico/medio-ambiente/ifn2/plot/plot-47-356","https://datos.iepnb.es/recurso/sector-publico/medio-ambiente/ifn3/plot/plot-47-356-A-1"
"47-364","ifn2","Valladolid","Pedraja de Portillo, La",41.500622,-4.738493,1992,"47-364-A-1","https://datos.iepnb.es/recurso/sector-publico/medio-ambiente/ifn2/plot/plot-47-364","https://datos.iepnb.es/recurso/sector-publico/medio-ambiente/ifn3/plot/plot-47-364-A-1"
"47-365","ifn2","Valladolid","Pedraja de Portillo, La",41.500802,-4.726517,1992,"47-365-A-1","https://datos.iepnb.es/recurso/sector-publico/medio-ambiente/ifn2/plot/plot-47-365","https://datos.iepnb.es/recurso/sector-publico/medio-ambiente/ifn3/plot/plot-47-365-A-1"
"47-368","ifn2","Valladolid","Pedraja de Portillo, La",41.501336,-4.690589,1992,"47-368-A-1","https://datos.iepnb.es/recurso/sector-publico/medio-ambiente/ifn2/plot/plot-47-368","https://datos.iepnb.es/recurso/sector-publico/medio-ambiente/ifn3/plot/plot-47-368-A-1"
"47-372","ifn2","Valladolid","Portillo",41.503359,-4.546866,1992,"47-372-A-1","https://datos.iepnb.es/recurso/sector-publico/medio-ambiente/ifn2/plot/plot-47-372","https://datos.iepnb.es/recurso/sector-publico/medio-ambiente/ifn3/plot/plot-47-372-A-1"
"47-373","ifn2","Valladolid","Portillo",41.50352,-4.534888,1992,"47-373-A-1","https://datos.iepnb.es/recurso/sector-publico/medio-ambiente/ifn2/plot/plot-47-373","https://datos.iepnb.es/recurso/sector-publico/medio-ambiente/ifn3/plot/plot-47-373-A-1"
"47-628","ifn2","Valladolid","Pedraja de Portillo, La",41.492156,-4.702329,1992,"47-628-A-1","https://datos.iepnb.es/recurso/sector-publico/medio-ambiente/ifn2/plot/plot-47-628","https://datos.iepnb.es/recurso/sector-publico/medio-ambiente/ifn3/plot/plot-47-628-A-1"
"47-629","ifn2","Valladolid","Portillo",41.494355,-4.546652,1992,"47-629-A-1","https://datos.iepnb.es/recurso/sector-publico/medio-ambiente/ifn2/plot/plot-47-629","https://datos.iepnb.es/recurso/sector-publico/medio-ambiente/ifn3/plot/plot-47-629-A-1"
"47-630","ifn2","Valladolid","Portillo",41.494516,-4.534676,1992,"47-630-A-1","https://datos.iepnb.es/recurso/sector-publico/medio-ambiente/ifn2/plot/plot-47-630","https://datos.iepnb.es/recurso/sector-publico/medio-ambiente/ifn3/plot/plot-47-630-A-1"
"47-631","ifn2","Valladolid","Portillo",41.494675,-4.5227,1992,"47-631-A-1","https://datos.iepnb.es/recurso/sector-publico/medio-ambiente/ifn2/plot/plot-47-631","https://datos.iepnb.es/recurso/sector-publico/medio-ambiente/ifn3/plot/plot-47-631-A-1"
"47-639","ifn2","Valladolid","Portillo",41.485512,-4.534463,1992,"47-639-A-1","https://datos.iepnb.es/recurso/sector-publico/medio-ambiente/ifn2/plot/plot-47-639","https://datos.iepnb.es/recurso/sector-publico/medio-ambiente/ifn3/plot/plot-47-639-A-1"
"47-640","ifn2","Valladolid","Portillo",41.485671,-4.522489,1992,"47-640-A-1","https://datos.iepnb.es/recurso/sector-publico/medio-ambiente/ifn2/plot/plot-47-640","https://datos.iepnb.es/recurso/sector-publico/medio-ambiente/ifn3/plot/plot-47-640-A-1"
"47-641","ifn2","Valladolid","Valdestillas",41.473248,-4.761712,1992,"47-641-A-1","https://datos.iepnb.es/recurso/sector-publico/medio-ambiente/ifn2/plot/plot-47-641","https://datos.iepnb.es/recurso/sector-publico/medio-ambiente/ifn3/plot/plot-47-641-A-1"
"47-642","ifn2","Valladolid","Pedraja de Portillo, La",41.473431,-4.749742,1992,"47-642-A-1","https://datos.iepnb.es/recurso/sector-publico/medio-ambiente/ifn2/plot/plot-47-642","https://datos.iepnb.es/recurso/sector-publico/medio-ambiente/ifn3/plot/plot-47-642-A-1"
"47-645","ifn2","Valladolid","Pedraja de Portillo, La",41.473971,-4.713829,1992,"47-645-A-1","https://datos.iepnb.es/recurso/sector-publico/medio-ambiente/ifn2/plot/plot-47-645","https://datos.iepnb.es/recurso/sector-publico/medio-ambiente/ifn3/plot/plot-47-645-A-1"
"47-646","ifn2","Valladolid","Pedraja de Portillo, La",41.474149,-4.701858,1992,"47-646-A-1","https://datos.iepnb.es/recurso/sector-publico/medio-ambiente/ifn2/plot/plot-47-646","https://datos.iepnb.es/recurso/sector-publico/medio-ambiente/ifn3/plot/plot-47-646-A-1"
"47-647","ifn2","Valladolid","Pedraja de Portillo, La",41.474326,-4.689886,1992,"47-647-A-1","https://datos.iepnb.es/recurso/sector-publico/medio-ambiente/ifn2/plot/plot-47-647","https://datos.iepnb.es/recurso/sector-publico/medio-ambiente/ifn3/plot/plot-47-647-A-1"
"47-651","ifn2","Valladolid","Pedraja de Portillo, La",41.464427,-4.749499,1992,"47-651-A-1","https://datos.iepnb.es/recurso/sector-publico/medio-ambiente/ifn2/plot/plot-47-651","https://datos.iepnb.es/recurso/sector-publico/medio-ambiente/ifn3/plot/plot-47-651-A-1"
"47-654","ifn2","Valladolid","Pedraja de Portillo, La",41.464968,-4.713592,1992,"47-654-A-1","https://datos.iepnb.es/recurso/sector-publico/medio-ambiente/ifn2/plot/plot-47-654","https://datos.iepnb.es/recurso/sector-publico/medio-ambiente/ifn3/plot/plot-47-654-A-1"
"47-656","ifn2","Valladolid","Pedraja de Portillo, La",41.465322,-4.689653,1992,"47-656-A-1","https://datos.iepnb.es/recurso/sector-publico/medio-ambiente/ifn2/plot/plot-47-656","https://datos.iepnb.es/recurso/sector-publico/medio-ambiente/ifn3/plot/plot-47-656-A-1"
"47-661","ifn2","Valladolid","Mojados",41.455606,-4.73729,1992,"47-661-A-1","https://datos.iepnb.es/recurso/sector-publico/medio-ambiente/ifn2/plot/plot-47-661","https://datos.iepnb.es/recurso/sector-publico/medio-ambiente/ifn3/plot/plot-47-661-A-1"
"47-662","ifn2","Valladolid","Mojados",41.455786,-4.725322,1992,"47-662-A-1","https://datos.iepnb.es/recurso/sector-publico/medio-ambiente/ifn2/plot/plot-47-662","https://datos.iepnb.es/recurso/sector-publico/medio-ambiente/ifn3/plot/plot-47-662-A-1"
"47-665","ifn2","Valladolid","Pedraja de Portillo, La",41.456319,-4.689419,1992,"47-665-A-1","https://datos.iepnb.es/recurso/sector-publico/medio-ambiente/ifn2/plot/plot-47-665","https://datos.iepnb.es/recurso/sector-publico/medio-ambiente/ifn3/plot/plot-47-665-A-1"
"47-666","ifn2","Valladolid","Pedraja de Portillo, La",41.456494,-4.677451,1992,"47-666-A-1","https://datos.iepnb.es/recurso/sector-publico/medio-ambiente/ifn2/plot/plot-47-666","https://datos.iepnb.es/recurso/sector-publico/medio-ambiente/ifn3/plot/plot-47-666-A-1"
"47-673","ifn2","Valladolid","Mojados",41.446602,-4.73705,1992,"47-673-A-1","https://datos.iepnb.es/recurso/sector-publico/medio-ambiente/ifn2/plot/plot-47-673","https://datos.iepnb.es/recurso/sector-publico/medio-ambiente/ifn3/plot/plot-47-673-A-1"
"47-675","ifn2","Valladolid","Mojados",41.446961,-4.713118,1992,"47-675-A-1","https://datos.iepnb.es/recurso/sector-publico/medio-ambiente/ifn2/plot/plot-47-675","https://datos.iepnb.es/recurso/sector-publico/medio-ambiente/ifn3/plot/plot-47-675-A-1"
"47-676","ifn2","Valladolid","Mojados",41.447139,-4.701151,1992,"47-676-A-1","https://datos.iepnb.es/recurso/sector-publico/medio-ambiente/ifn2/plot/plot-47-676","https://datos.iepnb.es/recurso/sector-publico/medio-ambiente/ifn3/plot/plot-47-676-A-1"
"47-680","ifn2","Valladolid","Portillo",41.449011,-4.569516,1992,"47-680-A-1","https://datos.iepnb.es/recurso/sector-publico/medio-ambiente/ifn2/plot/plot-47-680","https://datos.iepnb.es/recurso/sector-publico/medio-ambiente/ifn3/plot/plot-47-680-A-1"
"47-681","ifn2","Valladolid","Portillo",41.449173,-4.557549,1992,"47-681-A-1","https://datos.iepnb.es/recurso/sector-publico/medio-ambiente/ifn2/plot/plot-47-681","https://datos.iepnb.es/recurso/sector-publico/medio-ambiente/ifn3/plot/plot-47-681-A-1"
"47-684","ifn2","Valladolid","Mojados",41.437779,-4.724845,1992,"47-684-A-1","https://datos.iepnb.es/recurso/sector-publico/medio-ambiente/ifn2/plot/plot-47-684","https://datos.iepnb.es/recurso/sector-publico/medio-ambiente/ifn3/plot/plot-47-684-A-1"
"47-685","ifn2","Valladolid","Mojados",41.438312,-4.688952,1992,"47-685-A-1","https://datos.iepnb.es/recurso/sector-publico/medio-ambiente/ifn2/plot/plot-47-685","https://datos.iepnb.es/recurso/sector-publico/medio-ambiente/ifn3/plot/plot-47-685-A-1"
"47-699","ifn2","Valladolid","Mojados",41.419951,-4.712407,1992,"47-699-A-1","https://datos.iepnb.es/recurso/sector-publico/medio-ambiente/ifn2/plot/plot-47-699","https://datos.iepnb.es/recurso/sector-publico/medio-ambiente/ifn3/plot/plot-47-699-A-1"