infoSpeciesId,ifn,plotId,province,municipality,speciesId,scientificName,percentageOfSpecies,numberTreesHa,basalAreaM2Ha,volumeWithBarkM3Ha,volumeWithoutBarkM3Ha,ageInYears,infoSpeciesIri,plotIri,speciesIri
"info-40-34-A-1-23","ifn3","40-34-A-1","Segovia","Cuéllar","Species23","Pinus pinea",10,45.9781,1.3897249999999999,5.64828,3.7248599999999996,,"https://datos.iepnb.es/recurso/sector-publico/medio-ambiente/ifn3/infoSpeciesPlot/info-40-34-A-1-23","https://datos.iepnb.es/recurso/sector-publico/medio-ambiente/ifn3/plot/plot-40-34-A-1","https://datos.iepnb.es/kos/sector-publico/medio-ambiente/ifn3/taxon/Species23"
"info-40-34-A-1-26","ifn3","40-34-A-1","Segovia","Cuéllar","Species26","Pinus pinaster",90,101.29332000000002,12.756859,94.88689,64.31019,,"https://datos.iepnb.es/recurso/sector-publico/medio-ambiente/ifn3/infoSpeciesPlot/info-40-34-A-1-26","https://datos.iepnb.es/recurso/sector-publico/medio-ambiente/ifn3/plot/plot-40-34-A-1","https://datos.iepnb.es/kos/sector-publico/medio-ambiente/ifn3/taxon/Species26"
"info-40-40-A-1-23","ifn3","40-40-A-1","Segovia","Cuéllar","Species23","Pinus pinea",20,15.27886,2.6346309999999997,17.38469,13.524360000000001,,"https://datos.iepnb.es/recurso/sector-publico/medio-ambiente/ifn3/infoSpeciesPlot/info-40-40-A-1-23","https://datos.iepnb.es/recurso/sector-publico/medio-ambiente/ifn3/plot/plot-40-40-A-1","https://datos.iepnb.es/kos/sector-publico/medio-ambiente/ifn3/taxon/Species23"
"info-40-40-A-1-26","ifn3","40-40-A-1","Segovia","Cuéllar","Species26","Pinus pinaster",60,495.14889999999997,14.323604999999999,78.5919,46.88617000000001,,"https://datos.iepnb.es/recurso/sector-publico/medio-ambiente/ifn3/infoSpeciesPlot/info-40-40-A-1-26","https://datos.iepnb.es/recurso/sector-publico/medio-ambiente/ifn3/plot/plot-40-40-A-1","https://datos.iepnb.es/kos/sector-publico/medio-ambiente/ifn3/taxon/Species26"
"info-40-41-A-1-23","ifn3","40-41-A-1","Segovia","Cuéllar","Species23","Pinus pinea",30,31.831,0.4225,1.08931,0.490501,,"https://datos.iepnb.es/recurso/sector-publico/medio-ambiente/ifn3/infoSpeciesPlot/info-40-41-A-1-23","https://datos.iepnb.es/recurso/sector-publico/medio-ambiente/ifn3/plot/plot-40-41-A-1","https://datos.iepnb.es/kos/sector-publico/medio-ambiente/ifn3/taxon/Species23"
"info-40-41-A-1-26","ifn3","40-41-A-1","Segovia","Cuéllar","Species26","Pinus pinaster",70,137.51002,15.417157,121.66703000000001,85.12225,,"https://datos.iepnb.es/recurso/sector-publico/medio-ambiente/ifn3/infoSpeciesPlot/info-40-41-A-1-26","https://datos.iepnb.es/recurso/sector-publico/medio-ambiente/ifn3/plot/plot-40-41-A-1","https://datos.iepnb.es/kos/sector-publico/medio-ambiente/ifn3/taxon/Species26"
"info-40-43-A-1-23","ifn3","40-43-A-1","Segovia","Cuéllar","Species23","Pinus pinea",30,159.155,2.098756,9.55523,5.5021,,"https://datos.iepnb.es/recurso/sector-publico/medio-ambiente/ifn3/infoSpeciesPlot/info-40-43-A-1-23","https://datos.iepnb.es/recurso/sector-publico/medio-ambiente/ifn3/plot/plot-40-43-A-1","https://datos.iepnb.es/kos/sector-publico/medio-ambiente/ifn3/taxon/Species23"
"info-40-43-A-1-26","ifn3","40-43-A-1","Segovia","Cuéllar","Species26","Pinus pinaster",60,84.8827,8.1917,71.11940000000001,52.8971,,"https://datos.iepnb.es/recurso/sector-publico/medio-ambiente/ifn3/infoSpeciesPlot/info-40-43-A-1-26","https://datos.iepnb.es/recurso/sector-publico/medio-ambiente/ifn3/plot/plot-40-43-A-1","https://datos.iepnb.es/kos/sector-publico/medio-ambiente/ifn3/taxon/Species26"
"info-40-43-A-1-45","ifn3","40-43-A-1","Segovia","Cuéllar","Species45","Quercus ilex",10,,,,,,"https://datos.iepnb.es/recurso/sector-publico/medio-ambiente/ifn3/infoSpeciesPlot/info-40-43-A-1-45","https://datos.iepnb.es/recurso/sector-publico/medio-ambiente/ifn3/plot/plot-40-43-A-1","https://datos.iepnb.es/kos/sector-publico/medio-ambiente/ifn3/taxon/Species45"
"info-40-62-A-1-23","ifn3","40-62-A-1","Segovia","Vallelado","Species23","Pinus pinea",10,14.1471,0.708403,4.09797,2.91878,,"https://datos.iepnb.es/recurso/sector-publico/medio-ambiente/ifn3/infoSpeciesPlot/info-40-62-A-1-23","https://datos.iepnb.es/recurso/sector-publico/medio-ambiente/ifn3/plot/plot-40-62-A-1","https://datos.iepnb.es/kos/sector-publico/medio-ambiente/ifn3/taxon/Species23"
"info-40-62-A-1-26","ifn3","40-62-A-1","Segovia","Vallelado","Species26","Pinus pinaster",90,447.75610000000006,25.039461,170.78767,115.82033799999999,,"https://datos.iepnb.es/recurso/sector-publico/medio-ambiente/ifn3/infoSpeciesPlot/info-40-62-A-1-26","https://datos.iepnb.es/recurso/sector-publico/medio-ambiente/ifn3/plot/plot-40-62-A-1","https://datos.iepnb.es/kos/sector-publico/medio-ambiente/ifn3/taxon/Species26"
"info-40-73-A-1-23","ifn3","40-73-A-1","Segovia","Mata de Cuéllar","Species23","Pinus pinea",10,5.09296,0.877969,5.79386,4.50696,,"https://datos.iepnb.es/recurso/sector-publico/medio-ambiente/ifn3/infoSpeciesPlot/info-40-73-A-1-23","https://datos.iepnb.es/recurso/sector-publico/medio-ambiente/ifn3/plot/plot-40-73-A-1","https://datos.iepnb.es/kos/sector-publico/medio-ambiente/ifn3/taxon/Species23"
"info-40-73-A-1-26","ifn3","40-73-A-1","Segovia","Mata de Cuéllar","Species26","Pinus pinaster",90,44.704879999999996,8.38951,74.06312,58.58544,,"https://datos.iepnb.es/recurso/sector-publico/medio-ambiente/ifn3/infoSpeciesPlot/info-40-73-A-1-26","https://datos.iepnb.es/recurso/sector-publico/medio-ambiente/ifn3/plot/plot-40-73-A-1","https://datos.iepnb.es/kos/sector-publico/medio-ambiente/ifn3/taxon/Species26"
"info-40-85-A-1-23","ifn3","40-85-A-1","Segovia","Cuéllar","Species23","Pinus pinea",10,5.09296,1.4352,9.73812,7.97075,,"https://datos.iepnb.es/recurso/sector-publico/medio-ambiente/ifn3/infoSpeciesPlot/info-40-85-A-1-23","https://datos.iepnb.es/recurso/sector-publico/medio-ambiente/ifn3/plot/plot-40-85-A-1","https://datos.iepnb.es/kos/sector-publico/medio-ambiente/ifn3/taxon/Species23"
"info-40-85-A-1-26","ifn3","40-85-A-1","Segovia","Cuéllar","Species26","Pinus pinaster",50,366.55180000000007,26.289976000000003,183.63921999999997,121.75441999999998,,"https://datos.iepnb.es/recurso/sector-publico/medio-ambiente/ifn3/infoSpeciesPlot/info-40-85-A-1-26","https://datos.iepnb.es/recurso/sector-publico/medio-ambiente/ifn3/plot/plot-40-85-A-1","https://datos.iepnb.es/kos/sector-publico/medio-ambiente/ifn3/taxon/Species26"
"info-40-85-A-1-57","ifn3","40-85-A-1","Segovia","Cuéllar","Species57","Salix",20,,,,,,"https://datos.iepnb.es/recurso/sector-publico/medio-ambiente/ifn3/infoSpeciesPlot/info-40-85-A-1-57","https://datos.iepnb.es/recurso/sector-publico/medio-ambiente/ifn3/plot/plot-40-85-A-1","https://datos.iepnb.es/kos/sector-publico/medio-ambiente/ifn3/taxon/Species57"
"info-40-95-A-1-23","ifn3","40-95-A-1","Segovia","Remondo","Species23","Pinus pinea",30,60.1252,2.27359,13.51426,9.45769,,"https://datos.iepnb.es/recurso/sector-publico/medio-ambiente/ifn3/infoSpeciesPlot/info-40-95-A-1-23","https://datos.iepnb.es/recurso/sector-publico/medio-ambiente/ifn3/plot/plot-40-95-A-1","https://datos.iepnb.es/kos/sector-publico/medio-ambiente/ifn3/taxon/Species23"
"info-40-95-A-1-26","ifn3","40-95-A-1","Segovia","Remondo","Species26","Pinus pinaster",70,516.2280000000001,20.647926,149.01877,107.89843400000001,,"https://datos.iepnb.es/recurso/sector-publico/medio-ambiente/ifn3/infoSpeciesPlot/info-40-95-A-1-26","https://datos.iepnb.es/recurso/sector-publico/medio-ambiente/ifn3/plot/plot-40-95-A-1","https://datos.iepnb.es/kos/sector-publico/medio-ambiente/ifn3/taxon/Species26"
"info-40-132-A-1-26","ifn3","40-132-A-1","Segovia","Chañe","Species26","Pinus pinaster",100,399.5145,34.0613,219.37439999999998,142.94810999999999,,"https://datos.iepnb.es/recurso/sector-publico/medio-ambiente/ifn3/infoSpeciesPlot/info-40-132-A-1-26","https://datos.iepnb.es/recurso/sector-publico/medio-ambiente/ifn3/plot/plot-40-132-A-1","https://datos.iepnb.es/kos/sector-publico/medio-ambiente/ifn3/taxon/Species26"
"info-40-150-A-1-23","ifn3","40-150-A-1","Segovia","Cuéllar","Species23","Pinus pinea",20,127.324,1.50062,4.35933,1.96355,,"https://datos.iepnb.es/recurso/sector-publico/medio-ambiente/ifn3/infoSpeciesPlot/info-40-150-A-1-23","https://datos.iepnb.es/recurso/sector-publico/medio-ambiente/ifn3/plot/plot-40-150-A-1","https://datos.iepnb.es/kos/sector-publico/medio-ambiente/ifn3/taxon/Species23"
"info-40-150-A-1-26","ifn3","40-150-A-1","Segovia","Cuéllar","Species26","Pinus pinaster",80,520.6136599999999,18.903100000000002,103.92208,69.69747999999998,,"https://datos.iepnb.es/recurso/sector-publico/medio-ambiente/ifn3/infoSpeciesPlot/info-40-150-A-1-26","https://datos.iepnb.es/recurso/sector-publico/medio-ambiente/ifn3/plot/plot-40-150-A-1","https://datos.iepnb.es/kos/sector-publico/medio-ambiente/ifn3/taxon/Species26"
"info-40-169-A-1-26","ifn3","40-169-A-1","Segovia","San Miguel de Bernuy","Species26","Pinus pinaster",100,10.1859,1.5086,10.5129,7.12614,,"https://datos.iepnb.es/recurso/sector-publico/medio-ambiente/ifn3/infoSpeciesPlot/info-40-169-A-1-26","https://datos.iepnb.es/recurso/sector-publico/medio-ambiente/ifn3/plot/plot-40-169-A-1","https://datos.iepnb.es/kos/sector-publico/medio-ambiente/ifn3/taxon/Species26"
"info-40-372-A-1-23","ifn3","40-372-A-1","Segovia","Villaverde de Íscar","Species23","Pinus pinea",20,31.831,0.735306,2.35417,1.42269,,"https://datos.iepnb.es/recurso/sector-publico/medio-ambiente/ifn3/infoSpeciesPlot/info-40-372-A-1-23","https://datos.iepnb.es/recurso/sector-publico/medio-ambiente/ifn3/plot/plot-40-372-A-1","https://datos.iepnb.es/kos/sector-publico/medio-ambiente/ifn3/taxon/Species23"
"info-40-372-A-1-26","ifn3","40-372-A-1","Segovia","Villaverde de Íscar","Species26","Pinus pinaster",80,149.25196,9.471152,53.686009999999996,35.08186,,"https://datos.iepnb.es/recurso/sector-publico/medio-ambiente/ifn3/infoSpeciesPlot/info-40-372-A-1-26","https://datos.iepnb.es/recurso/sector-publico/medio-ambiente/ifn3/plot/plot-40-372-A-1","https://datos.iepnb.es/kos/sector-publico/medio-ambiente/ifn3/taxon/Species26"
"info-40-373-A-1-23","ifn3","40-373-A-1","Segovia","Villaverde de Íscar","Species23","Pinus pinea",40,47.10988,3.5910589999999996,17.71694,13.3278,,"https://datos.iepnb.es/recurso/sector-publico/medio-ambiente/ifn3/infoSpeciesPlot/info-40-373-A-1-23","https://datos.iepnb.es/recurso/sector-publico/medio-ambiente/ifn3/plot/plot-40-373-A-1","https://datos.iepnb.es/kos/sector-publico/medio-ambiente/ifn3/taxon/Species23"
"info-40-373-A-1-26","ifn3","40-373-A-1","Segovia","Villaverde de Íscar","Species26","Pinus pinaster",60,128.88016,6.157989,26.49361,17.46499,,"https://datos.iepnb.es/recurso/sector-publico/medio-ambiente/ifn3/infoSpeciesPlot/info-40-373-A-1-26","https://datos.iepnb.es/recurso/sector-publico/medio-ambiente/ifn3/plot/plot-40-373-A-1","https://datos.iepnb.es/kos/sector-publico/medio-ambiente/ifn3/taxon/Species26"
"info-40-376-A-1-23","ifn3","40-376-A-1","Segovia","Villaverde de Íscar","Species23","Pinus pinea",30,5.09296,0.7744,3.74041,2.81973,,"https://datos.iepnb.es/recurso/sector-publico/medio-ambiente/ifn3/infoSpeciesPlot/info-40-376-A-1-23","https://datos.iepnb.es/recurso/sector-publico/medio-ambiente/ifn3/plot/plot-40-376-A-1","https://datos.iepnb.es/kos/sector-publico/medio-ambiente/ifn3/taxon/Species23"
"info-40-376-A-1-26","ifn3","40-376-A-1","Segovia","Villaverde de Íscar","Species26","Pinus pinaster",70,91.10732000000002,11.188574,78.99853,58.55023,,"https://datos.iepnb.es/recurso/sector-publico/medio-ambiente/ifn3/infoSpeciesPlot/info-40-376-A-1-26","https://datos.iepnb.es/recurso/sector-publico/medio-ambiente/ifn3/plot/plot-40-376-A-1","https://datos.iepnb.es/kos/sector-publico/medio-ambiente/ifn3/taxon/Species26"
"info-40-388-A-3E-23","ifn3","40-388-A-3E","Segovia","Villeguillo","Species23","Pinus pinea",80,76.9603,10.14399,55.92872,42.24505,,"https://datos.iepnb.es/recurso/sector-publico/medio-ambiente/ifn3/infoSpeciesPlot/info-40-388-A-3E-23","https://datos.iepnb.es/recurso/sector-publico/medio-ambiente/ifn3/plot/plot-40-388-A-3E","https://datos.iepnb.es/kos/sector-publico/medio-ambiente/ifn3/taxon/Species23"
"info-40-388-A-3E-26","ifn3","40-388-A-3E","Segovia","Villeguillo","Species26","Pinus pinaster",20,57.72026,7.75745,53.15264,39.87425,,"https://datos.iepnb.es/recurso/sector-publico/medio-ambiente/ifn3/infoSpeciesPlot/info-40-388-A-3E-26","https://datos.iepnb.es/recurso/sector-publico/medio-ambiente/ifn3/plot/plot-40-388-A-3E","https://datos.iepnb.es/kos/sector-publico/medio-ambiente/ifn3/taxon/Species26"
"info-40-395-A-1-23","ifn3","40-395-A-1","Segovia","Coca","Species23","Pinus pinea",10,5.09296,0.724201,2.76566,2.04665,,"https://datos.iepnb.es/recurso/sector-publico/medio-ambiente/ifn3/infoSpeciesPlot/info-40-395-A-1-23","https://datos.iepnb.es/recurso/sector-publico/medio-ambiente/ifn3/plot/plot-40-395-A-1","https://datos.iepnb.es/kos/sector-publico/medio-ambiente/ifn3/taxon/Species23"
"info-40-395-A-1-26","ifn3","40-395-A-1","Segovia","Coca","Species26","Pinus pinaster",90,88.4194,4.211816000000001,18.008119999999998,11.102181,,"https://datos.iepnb.es/recurso/sector-publico/medio-ambiente/ifn3/infoSpeciesPlot/info-40-395-A-1-26","https://datos.iepnb.es/recurso/sector-publico/medio-ambiente/ifn3/plot/plot-40-395-A-1","https://datos.iepnb.es/kos/sector-publico/medio-ambiente/ifn3/taxon/Species26"
"info-40-396-A-1-23","ifn3","40-396-A-1","Segovia","Coca","Species23","Pinus pinea",10,5.09296,1.01808,6.18673,4.83883,,"https://datos.iepnb.es/recurso/sector-publico/medio-ambiente/ifn3/infoSpeciesPlot/info-40-396-A-1-23","https://datos.iepnb.es/recurso/sector-publico/medio-ambiente/ifn3/plot/plot-40-396-A-1","https://datos.iepnb.es/kos/sector-publico/medio-ambiente/ifn3/taxon/Species23"
"info-40-396-A-1-26","ifn3","40-396-A-1","Segovia","Coca","Species26","Pinus pinaster",90,222.3926,19.896819999999998,149.87996,109.03464,,"https://datos.iepnb.es/recurso/sector-publico/medio-ambiente/ifn3/infoSpeciesPlot/info-40-396-A-1-26","https://datos.iepnb.es/recurso/sector-publico/medio-ambiente/ifn3/plot/plot-40-396-A-1","https://datos.iepnb.es/kos/sector-publico/medio-ambiente/ifn3/taxon/Species26"
"info-40-398-A-1-23","ifn3","40-398-A-1","Segovia","Santiuste de San Juan Bautista","Species23","Pinus pinea",40,10.1859,1.52273,7.68139,5.80069,,"https://datos.iepnb.es/recurso/sector-publico/medio-ambiente/ifn3/infoSpeciesPlot/info-40-398-A-1-23","https://datos.iepnb.es/recurso/sector-publico/medio-ambiente/ifn3/plot/plot-40-398-A-1","https://datos.iepnb.es/kos/sector-publico/medio-ambiente/ifn3/taxon/Species23"
"info-40-398-A-1-26","ifn3","40-398-A-1","Segovia","Santiuste de San Juan Bautista","Species26","Pinus pinaster",60,130.7193,16.091620000000002,94.91987999999999,62.66856,,"https://datos.iepnb.es/recurso/sector-publico/medio-ambiente/ifn3/infoSpeciesPlot/info-40-398-A-1-26","https://datos.iepnb.es/recurso/sector-publico/medio-ambiente/ifn3/plot/plot-40-398-A-1","https://datos.iepnb.es/kos/sector-publico/medio-ambiente/ifn3/taxon/Species26"
"info-40-400-A-1-23","ifn3","40-400-A-1","Segovia","Remondo","Species23","Pinus pinea",20,5.09296,0.797449,5.8211,4.52988,,"https://datos.iepnb.es/recurso/sector-publico/medio-ambiente/ifn3/infoSpeciesPlot/info-40-400-A-1-23","https://datos.iepnb.es/recurso/sector-publico/medio-ambiente/ifn3/plot/plot-40-400-A-1","https://datos.iepnb.es/kos/sector-publico/medio-ambiente/ifn3/taxon/Species23"
"info-40-400-A-1-26","ifn3","40-400-A-1","Segovia","Remondo","Species26","Pinus pinaster",80,254.08210000000003,31.51226,234.08389,158.92496,,"https://datos.iepnb.es/recurso/sector-publico/medio-ambiente/ifn3/infoSpeciesPlot/info-40-400-A-1-26","https://datos.iepnb.es/recurso/sector-publico/medio-ambiente/ifn3/plot/plot-40-400-A-1","https://datos.iepnb.es/kos/sector-publico/medio-ambiente/ifn3/taxon/Species26"
"info-40-402-A-1-26","ifn3","40-402-A-1","Segovia","Cuéllar","Species26","Pinus pinaster",100,442.0971,22.02925,122.38730000000001,74.90758,,"https://datos.iepnb.es/recurso/sector-publico/medio-ambiente/ifn3/infoSpeciesPlot/info-40-402-A-1-26","https://datos.iepnb.es/recurso/sector-publico/medio-ambiente/ifn3/plot/plot-40-402-A-1","https://datos.iepnb.es/kos/sector-publico/medio-ambiente/ifn3/taxon/Species26"
"info-40-422-A-1-23","ifn3","40-422-A-1","Segovia","Fresneda de Cuéllar","Species23","Pinus pinea",80,69.03790000000001,11.775965,71.3084,56.088660000000004,,"https://datos.iepnb.es/recurso/sector-publico/medio-ambiente/ifn3/infoSpeciesPlot/info-40-422-A-1-23","https://datos.iepnb.es/recurso/sector-publico/medio-ambiente/ifn3/plot/plot-40-422-A-1","https://datos.iepnb.es/kos/sector-publico/medio-ambiente/ifn3/taxon/Species23"
"info-40-422-A-1-26","ifn3","40-422-A-1","Segovia","Fresneda de Cuéllar","Species26","Pinus pinaster",20,5.09296,0.839056,6.43837,4.95302,,"https://datos.iepnb.es/recurso/sector-publico/medio-ambiente/ifn3/infoSpeciesPlot/info-40-422-A-1-26","https://datos.iepnb.es/recurso/sector-publico/medio-ambiente/ifn3/plot/plot-40-422-A-1","https://datos.iepnb.es/kos/sector-publico/medio-ambiente/ifn3/taxon/Species26"
"info-40-432-A-1-23","ifn3","40-432-A-1","Segovia","Fresneda de Cuéllar","Species23","Pinus pinea",40,47.534259999999996,5.294544,31.990859999999998,24.030700000000003,,"https://datos.iepnb.es/recurso/sector-publico/medio-ambiente/ifn3/infoSpeciesPlot/info-40-432-A-1-23","https://datos.iepnb.es/recurso/sector-publico/medio-ambiente/ifn3/plot/plot-40-432-A-1","https://datos.iepnb.es/kos/sector-publico/medio-ambiente/ifn3/taxon/Species23"
"info-40-432-A-1-26","ifn3","40-432-A-1","Segovia","Fresneda de Cuéllar","Species26","Pinus pinaster",60,74.1309,10.710298,67.06697,45.424459999999996,,"https://datos.iepnb.es/recurso/sector-publico/medio-ambiente/ifn3/infoSpeciesPlot/info-40-432-A-1-26","https://datos.iepnb.es/recurso/sector-publico/medio-ambiente/ifn3/plot/plot-40-432-A-1","https://datos.iepnb.es/kos/sector-publico/medio-ambiente/ifn3/taxon/Species26"
"info-40-443-A-1-23","ifn3","40-443-A-1","Segovia","Villaverde de Íscar","Species23","Pinus pinea",30,33.38716,4.272049,21.01813,15.71889,,"https://datos.iepnb.es/recurso/sector-publico/medio-ambiente/ifn3/infoSpeciesPlot/info-40-443-A-1-23","https://datos.iepnb.es/recurso/sector-publico/medio-ambiente/ifn3/plot/plot-40-443-A-1","https://datos.iepnb.es/kos/sector-publico/medio-ambiente/ifn3/taxon/Species23"
"info-40-443-A-1-26","ifn3","40-443-A-1","Segovia","Villaverde de Íscar","Species26","Pinus pinaster",70,129.58756,15.399551000000002,108.65169,80.50395999999999,,"https://datos.iepnb.es/recurso/sector-publico/medio-ambiente/ifn3/infoSpeciesPlot/info-40-443-A-1-26","https://datos.iepnb.es/recurso/sector-publico/medio-ambiente/ifn3/plot/plot-40-443-A-1","https://datos.iepnb.es/kos/sector-publico/medio-ambiente/ifn3/taxon/Species26"
"info-40-444-A-1-23","ifn3","40-444-A-1","Segovia","Fuente el Olmo de Íscar","Species23","Pinus pinea",50,43.57306,4.526072,24.28481,18.38626,,"https://datos.iepnb.es/recurso/sector-publico/medio-ambiente/ifn3/infoSpeciesPlot/info-40-444-A-1-23","https://datos.iepnb.es/recurso/sector-publico/medio-ambiente/ifn3/plot/plot-40-444-A-1","https://datos.iepnb.es/kos/sector-publico/medio-ambiente/ifn3/taxon/Species23"
"info-40-444-A-1-26","ifn3","40-444-A-1","Segovia","Fuente el Olmo de Íscar","Species26","Pinus pinaster",50,120.5334,13.887709000000001,86.48567000000001,57.33935,,"https://datos.iepnb.es/recurso/sector-publico/medio-ambiente/ifn3/infoSpeciesPlot/info-40-444-A-1-26","https://datos.iepnb.es/recurso/sector-publico/medio-ambiente/ifn3/plot/plot-40-444-A-1","https://datos.iepnb.es/kos/sector-publico/medio-ambiente/ifn3/taxon/Species26"
"info-40-446-A-1-23","ifn3","40-446-A-1","Segovia","Samboal","Species23","Pinus pinea",80,45.9781,1.21725,4.06603,2.5514200000000002,,"https://datos.iepnb.es/recurso/sector-publico/medio-ambiente/ifn3/infoSpeciesPlot/info-40-446-A-1-23","https://datos.iepnb.es/recurso/sector-publico/medio-ambiente/ifn3/plot/plot-40-446-A-1","https://datos.iepnb.es/kos/sector-publico/medio-ambiente/ifn3/taxon/Species23"
"info-40-446-A-1-26","ifn3","40-446-A-1","Segovia","Samboal","Species26","Pinus pinaster",20,14.1471,1.05404,5.19123,3.21917,,"https://datos.iepnb.es/recurso/sector-publico/medio-ambiente/ifn3/infoSpeciesPlot/info-40-446-A-1-26","https://datos.iepnb.es/recurso/sector-publico/medio-ambiente/ifn3/plot/plot-40-446-A-1","https://datos.iepnb.es/kos/sector-publico/medio-ambiente/ifn3/taxon/Species26"
"info-40-459-A-4-23","ifn3","40-459-A-4","Segovia","Coca","Species23","Pinus pinea",40,99.02980000000001,8.22054,40.49896,29.64924,,"https://datos.iepnb.es/recurso/sector-publico/medio-ambiente/ifn3/infoSpeciesPlot/info-40-459-A-4-23","https://datos.iepnb.es/recurso/sector-publico/medio-ambiente/ifn3/plot/plot-40-459-A-4","https://datos.iepnb.es/kos/sector-publico/medio-ambiente/ifn3/taxon/Species23"
"info-40-459-A-4-26","ifn3","40-459-A-4","Segovia","Coca","Species26","Pinus pinaster",60,94.64416,9.85732,57.197829999999996,37.69063,,"https://datos.iepnb.es/recurso/sector-publico/medio-ambiente/ifn3/infoSpeciesPlot/info-40-459-A-4-26","https://datos.iepnb.es/recurso/sector-publico/medio-ambiente/ifn3/plot/plot-40-459-A-4","https://datos.iepnb.es/kos/sector-publico/medio-ambiente/ifn3/taxon/Species26"
"info-40-463-A-1-23","ifn3","40-463-A-1","Segovia","Samboal","Species23","Pinus pinea",30,19.24006,1.777444,9.51121,7.34845,,"https://datos.iepnb.es/recurso/sector-publico/medio-ambiente/ifn3/infoSpeciesPlot/info-40-463-A-1-23","https://datos.iepnb.es/recurso/sector-publico/medio-ambiente/ifn3/plot/plot-40-463-A-1","https://datos.iepnb.es/kos/sector-publico/medio-ambiente/ifn3/taxon/Species23"
"info-40-463-A-1-26","ifn3","40-463-A-1","Segovia","Samboal","Species26","Pinus pinaster",70,79.22386,12.1113,83.70500000000001,57.385130000000004,,"https://datos.iepnb.es/recurso/sector-publico/medio-ambiente/ifn3/infoSpeciesPlot/info-40-463-A-1-26","https://datos.iepnb.es/recurso/sector-publico/medio-ambiente/ifn3/plot/plot-40-463-A-1","https://datos.iepnb.es/kos/sector-publico/medio-ambiente/ifn3/taxon/Species26"
"info-40-465-A-1-23","ifn3","40-465-A-1","Segovia","Samboal","Species23","Pinus pinea",30,29.426000000000002,4.01923,22.17227,16.80728,,"https://datos.iepnb.es/recurso/sector-publico/medio-ambiente/ifn3/infoSpeciesPlot/info-40-465-A-1-23","https://datos.iepnb.es/recurso/sector-publico/medio-ambiente/ifn3/plot/plot-40-465-A-1","https://datos.iepnb.es/kos/sector-publico/medio-ambiente/ifn3/taxon/Species23"
"info-40-465-A-1-26","ifn3","40-465-A-1","Segovia","Samboal","Species26","Pinus pinaster",70,304.44579999999996,32.59659,219.98772,156.93719,,"https://datos.iepnb.es/recurso/sector-publico/medio-ambiente/ifn3/infoSpeciesPlot/info-40-465-A-1-26","https://datos.iepnb.es/recurso/sector-publico/medio-ambiente/ifn3/plot/plot-40-465-A-1","https://datos.iepnb.es/kos/sector-publico/medio-ambiente/ifn3/taxon/Species26"
"info-40-467-A-1-23","ifn3","40-467-A-1","Segovia","Cuéllar","Species23","Pinus pinea",20,10.18592,1.897781,10.83726,8.38582,,"https://datos.iepnb.es/recurso/sector-publico/medio-ambiente/ifn3/infoSpeciesPlot/info-40-467-A-1-23","https://datos.iepnb.es/recurso/sector-publico/medio-ambiente/ifn3/plot/plot-40-467-A-1","https://datos.iepnb.es/kos/sector-publico/medio-ambiente/ifn3/taxon/Species23"
"info-40-467-A-1-26","ifn3","40-467-A-1","Segovia","Cuéllar","Species26","Pinus pinaster",80,86.7218,9.370315999999999,57.14200000000001,38.9958,,"https://datos.iepnb.es/recurso/sector-publico/medio-ambiente/ifn3/infoSpeciesPlot/info-40-467-A-1-26","https://datos.iepnb.es/recurso/sector-publico/medio-ambiente/ifn3/plot/plot-40-467-A-1","https://datos.iepnb.es/kos/sector-publico/medio-ambiente/ifn3/taxon/Species26"
"info-40-480-A-3E-23","ifn3","40-480-A-3E","Segovia","Fuente el Olmo de Íscar","Species23","Pinus pinea",30,38.48012,5.346449,29.092139999999997,22.076629999999998,,"https://datos.iepnb.es/recurso/sector-publico/medio-ambiente/ifn3/infoSpeciesPlot/info-40-480-A-3E-23","https://datos.iepnb.es/recurso/sector-publico/medio-ambiente/ifn3/plot/plot-40-480-A-3E","https://datos.iepnb.es/kos/sector-publico/medio-ambiente/ifn3/taxon/Species23"
"info-40-480-A-3E-26","ifn3","40-480-A-3E","Segovia","Fuente el Olmo de Íscar","Species26","Pinus pinaster",70,82.05316,9.33585,64.47005,47.377520000000004,,"https://datos.iepnb.es/recurso/sector-publico/medio-ambiente/ifn3/infoSpeciesPlot/info-40-480-A-3E-26","https://datos.iepnb.es/recurso/sector-publico/medio-ambiente/ifn3/plot/plot-40-480-A-3E","https://datos.iepnb.es/kos/sector-publico/medio-ambiente/ifn3/taxon/Species26"
"info-40-515-A-1-23","ifn3","40-515-A-1","Segovia","Coca","Species23","Pinus pinea",40,15.27888,4.24197,23.10452,18.49815,,"https://datos.iepnb.es/recurso/sector-publico/medio-ambiente/ifn3/infoSpeciesPlot/info-40-515-A-1-23","https://datos.iepnb.es/recurso/sector-publico/medio-ambiente/ifn3/plot/plot-40-515-A-1","https://datos.iepnb.es/kos/sector-publico/medio-ambiente/ifn3/taxon/Species23"
"info-40-515-A-1-26","ifn3","40-515-A-1","Segovia","Coca","Species26","Pinus pinaster",60,176.41451999999998,8.830839,42.49789,26.9039,,"https://datos.iepnb.es/recurso/sector-publico/medio-ambiente/ifn3/infoSpeciesPlot/info-40-515-A-1-26","https://datos.iepnb.es/recurso/sector-publico/medio-ambiente/ifn3/plot/plot-40-515-A-1","https://datos.iepnb.es/kos/sector-publico/medio-ambiente/ifn3/taxon/Species26"
"info-40-517-A-1-23","ifn3","40-517-A-1","Segovia","Coca","Species23","Pinus pinea",20,5.09296,0.948676,6.00816,4.68762,,"https://datos.iepnb.es/recurso/sector-publico/medio-ambiente/ifn3/infoSpeciesPlot/info-40-517-A-1-23","https://datos.iepnb.es/recurso/sector-publico/medio-ambiente/ifn3/plot/plot-40-517-A-1","https://datos.iepnb.es/kos/sector-publico/medio-ambiente/ifn3/taxon/Species23"
"info-40-517-A-1-26","ifn3","40-517-A-1","Segovia","Coca","Species26","Pinus pinaster",80,59.9837,10.15117,75.11187000000001,54.20727,,"https://datos.iepnb.es/recurso/sector-publico/medio-ambiente/ifn3/infoSpeciesPlot/info-40-517-A-1-26","https://datos.iepnb.es/recurso/sector-publico/medio-ambiente/ifn3/plot/plot-40-517-A-1","https://datos.iepnb.es/kos/sector-publico/medio-ambiente/ifn3/taxon/Species26"
"info-40-561-A-1-26","ifn3","40-561-A-1","Segovia","Navas de Oro","Species26","Pinus pinaster",50,321.42242000000005,9.383674,47.08749,29.492226000000002,,"https://datos.iepnb.es/recurso/sector-publico/medio-ambiente/ifn3/infoSpeciesPlot/info-40-561-A-1-26","https://datos.iepnb.es/recurso/sector-publico/medio-ambiente/ifn3/plot/plot-40-561-A-1","https://datos.iepnb.es/kos/sector-publico/medio-ambiente/ifn3/taxon/Species26"
"info-40-561-A-1-23","ifn3","40-561-A-1","Segovia","Navas de Oro","Species23","Pinus pinea",50,77.8091,2.883636,12.05446,8.35678,,"https://datos.iepnb.es/recurso/sector-publico/medio-ambiente/ifn3/infoSpeciesPlot/info-40-561-A-1-23","https://datos.iepnb.es/recurso/sector-publico/medio-ambiente/ifn3/plot/plot-40-561-A-1","https://datos.iepnb.es/kos/sector-publico/medio-ambiente/ifn3/taxon/Species23"
"info-40-571-A-1-23","ifn3","40-571-A-1","Segovia","Coca","Species23","Pinus pinea",90,65.21816,4.091459,18.009500000000003,13.00656,,"https://datos.iepnb.es/recurso/sector-publico/medio-ambiente/ifn3/infoSpeciesPlot/info-40-571-A-1-23","https://datos.iepnb.es/recurso/sector-publico/medio-ambiente/ifn3/plot/plot-40-571-A-1","https://datos.iepnb.es/kos/sector-publico/medio-ambiente/ifn3/taxon/Species23"
"info-40-575-A-1-23","ifn3","40-575-A-1","Segovia","Navas de Oro","Species23","Pinus pinea",50,14.1471,0.9604,4.02095,2.86029,,"https://datos.iepnb.es/recurso/sector-publico/medio-ambiente/ifn3/infoSpeciesPlot/info-40-575-A-1-23","https://datos.iepnb.es/recurso/sector-publico/medio-ambiente/ifn3/plot/plot-40-575-A-1","https://datos.iepnb.es/kos/sector-publico/medio-ambiente/ifn3/taxon/Species23"
"info-40-575-A-1-26","ifn3","40-575-A-1","Segovia","Navas de Oro","Species26","Pinus pinaster",50,67.90612,9.243611,56.08556,37.823139999999995,,"https://datos.iepnb.es/recurso/sector-publico/medio-ambiente/ifn3/infoSpeciesPlot/info-40-575-A-1-26","https://datos.iepnb.es/recurso/sector-publico/medio-ambiente/ifn3/plot/plot-40-575-A-1","https://datos.iepnb.es/kos/sector-publico/medio-ambiente/ifn3/taxon/Species26"
"info-40-578-A-1-23","ifn3","40-578-A-1","Segovia","Navas de Oro","Species23","Pinus pinea",20,33.38716,2.82045,16.28523,12.32984,,"https://datos.iepnb.es/recurso/sector-publico/medio-ambiente/ifn3/infoSpeciesPlot/info-40-578-A-1-23","https://datos.iepnb.es/recurso/sector-publico/medio-ambiente/ifn3/plot/plot-40-578-A-1","https://datos.iepnb.es/kos/sector-publico/medio-ambiente/ifn3/taxon/Species23"
"info-40-578-A-1-26","ifn3","40-578-A-1","Segovia","Navas de Oro","Species26","Pinus pinaster",80,347.59472000000005,39.875878,300.041,215.65038,,"https://datos.iepnb.es/recurso/sector-publico/medio-ambiente/ifn3/infoSpeciesPlot/info-40-578-A-1-26","https://datos.iepnb.es/recurso/sector-publico/medio-ambiente/ifn3/plot/plot-40-578-A-1","https://datos.iepnb.es/kos/sector-publico/medio-ambiente/ifn3/taxon/Species26"
"info-40-584-A-1-23","ifn3","40-584-A-1","Segovia","Coca","Species23","Pinus pinea",20,5.09296,0.855625,3.90565,2.95256,,"https://datos.iepnb.es/recurso/sector-publico/medio-ambiente/ifn3/infoSpeciesPlot/info-40-584-A-1-23","https://datos.iepnb.es/recurso/sector-publico/medio-ambiente/ifn3/plot/plot-40-584-A-1","https://datos.iepnb.es/kos/sector-publico/medio-ambiente/ifn3/taxon/Species23"
"info-40-584-A-1-26","ifn3","40-584-A-1","Segovia","Coca","Species26","Pinus pinaster",80,98.6053,7.92163,37.355500000000006,23.79743,,"https://datos.iepnb.es/recurso/sector-publico/medio-ambiente/ifn3/infoSpeciesPlot/info-40-584-A-1-26","https://datos.iepnb.es/recurso/sector-publico/medio-ambiente/ifn3/plot/plot-40-584-A-1","https://datos.iepnb.es/kos/sector-publico/medio-ambiente/ifn3/taxon/Species26"
"info-40-588-A-3E-23","ifn3","40-588-A-3E","Segovia","Navas de Oro","Species23","Pinus pinea",20,5.09296,1.08785,5.47139,4.23674,,"https://datos.iepnb.es/recurso/sector-publico/medio-ambiente/ifn3/infoSpeciesPlot/info-40-588-A-3E-23","https://datos.iepnb.es/recurso/sector-publico/medio-ambiente/ifn3/plot/plot-40-588-A-3E","https://datos.iepnb.es/kos/sector-publico/medio-ambiente/ifn3/taxon/Species23"
"info-40-588-A-3E-26","ifn3","40-588-A-3E","Segovia","Navas de Oro","Species26","Pinus pinaster",80,44.70483999999999,8.0722,54.79736000000001,41.975049999999996,,"https://datos.iepnb.es/recurso/sector-publico/medio-ambiente/ifn3/infoSpeciesPlot/info-40-588-A-3E-26","https://datos.iepnb.es/recurso/sector-publico/medio-ambiente/ifn3/plot/plot-40-588-A-3E","https://datos.iepnb.es/kos/sector-publico/medio-ambiente/ifn3/taxon/Species26"
"info-40-599-A-1-23","ifn3","40-599-A-1","Segovia","Coca","Species23","Pinus pinea",20,14.1471,0.957136,4.22993,3.01908,,"https://datos.iepnb.es/recurso/sector-publico/medio-ambiente/ifn3/infoSpeciesPlot/info-40-599-A-1-23","https://datos.iepnb.es/recurso/sector-publico/medio-ambiente/ifn3/plot/plot-40-599-A-1","https://datos.iepnb.es/kos/sector-publico/medio-ambiente/ifn3/taxon/Species23"
"info-40-599-A-1-26","ifn3","40-599-A-1","Segovia","Coca","Species26","Pinus pinaster",80,259.3167,19.892509999999998,102.27422000000001,64.52665,,"https://datos.iepnb.es/recurso/sector-publico/medio-ambiente/ifn3/infoSpeciesPlot/info-40-599-A-1-26","https://datos.iepnb.es/recurso/sector-publico/medio-ambiente/ifn3/plot/plot-40-599-A-1","https://datos.iepnb.es/kos/sector-publico/medio-ambiente/ifn3/taxon/Species26"
"info-40-645-A-1-23","ifn3","40-645-A-1","Segovia","Nava de la Asunción","Species23","Pinus pinea",20,31.831,0.869556,3.17717,2.03182,,"https://datos.iepnb.es/recurso/sector-publico/medio-ambiente/ifn3/infoSpeciesPlot/info-40-645-A-1-23","https://datos.iepnb.es/recurso/sector-publico/medio-ambiente/ifn3/plot/plot-40-645-A-1","https://datos.iepnb.es/kos/sector-publico/medio-ambiente/ifn3/taxon/Species23"
"info-40-645-A-1-26","ifn3","40-645-A-1","Segovia","Nava de la Asunción","Species26","Pinus pinaster",80,293.5525,8.242971,44.18903,27.048011,,"https://datos.iepnb.es/recurso/sector-publico/medio-ambiente/ifn3/infoSpeciesPlot/info-40-645-A-1-26","https://datos.iepnb.es/recurso/sector-publico/medio-ambiente/ifn3/plot/plot-40-645-A-1","https://datos.iepnb.es/kos/sector-publico/medio-ambiente/ifn3/taxon/Species26"
"info-40-655-A-1-23","ifn3","40-655-A-1","Segovia","Pinarnegrillo","Species23","Pinus pinea",20,311.23650000000004,7.512685,40.79868,27.27495,,"https://datos.iepnb.es/recurso/sector-publico/medio-ambiente/ifn3/infoSpeciesPlot/info-40-655-A-1-23","https://datos.iepnb.es/recurso/sector-publico/medio-ambiente/ifn3/plot/plot-40-655-A-1","https://datos.iepnb.es/kos/sector-publico/medio-ambiente/ifn3/taxon/Species23"
"info-40-655-A-1-26","ifn3","40-655-A-1","Segovia","Pinarnegrillo","Species26","Pinus pinaster",70,300.20182000000005,20.249801999999995,113.86315,72.02209,,"https://datos.iepnb.es/recurso/sector-publico/medio-ambiente/ifn3/infoSpeciesPlot/info-40-655-A-1-26","https://datos.iepnb.es/recurso/sector-publico/medio-ambiente/ifn3/plot/plot-40-655-A-1","https://datos.iepnb.es/kos/sector-publico/medio-ambiente/ifn3/taxon/Species26"
"info-40-655-A-1-45","ifn3","40-655-A-1","Segovia","Pinarnegrillo","Species45","Quercus ilex",10,,,,,,"https://datos.iepnb.es/recurso/sector-publico/medio-ambiente/ifn3/infoSpeciesPlot/info-40-655-A-1-45","https://datos.iepnb.es/recurso/sector-publico/medio-ambiente/ifn3/plot/plot-40-655-A-1","https://datos.iepnb.es/kos/sector-publico/medio-ambiente/ifn3/taxon/Species45"
"info-40-889-A-1-26","ifn3","40-889-A-1","Segovia","Turégano","Species26","Pinus pinaster",100,144.8665,17.24363,121.09433,81.64969,,"https://datos.iepnb.es/recurso/sector-publico/medio-ambiente/ifn3/infoSpeciesPlot/info-40-889-A-1-26","https://datos.iepnb.es/recurso/sector-publico/medio-ambiente/ifn3/plot/plot-40-889-A-1","https://datos.iepnb.es/kos/sector-publico/medio-ambiente/ifn3/taxon/Species26"
"info-40-1148-A-3E-23","ifn3","40-1148-A-3E","Segovia","Montejo de Arévalo","Species23","Pinus pinea",100,134.39749999999998,7.842111,32.19313,22.839916,,"https://datos.iepnb.es/recurso/sector-publico/medio-ambiente/ifn3/infoSpeciesPlot/info-40-1148-A-3E-23","https://datos.iepnb.es/recurso/sector-publico/medio-ambiente/ifn3/plot/plot-40-1148-A-3E","https://datos.iepnb.es/kos/sector-publico/medio-ambiente/ifn3/taxon/Species23"
"info-40-1150-A-1-23","ifn3","40-1150-A-1","Segovia","Montejo de Arévalo","Species23","Pinus pinea",40,43.5731,5.87406,26.1601,19.49005,,"https://datos.iepnb.es/recurso/sector-publico/medio-ambiente/ifn3/infoSpeciesPlot/info-40-1150-A-1-23","https://datos.iepnb.es/recurso/sector-publico/medio-ambiente/ifn3/plot/plot-40-1150-A-1","https://datos.iepnb.es/kos/sector-publico/medio-ambiente/ifn3/taxon/Species23"
"info-40-1150-A-1-26","ifn3","40-1150-A-1","Segovia","Montejo de Arévalo","Species26","Pinus pinaster",60,33.38716,2.954889,14.47967,9.1405,,"https://datos.iepnb.es/recurso/sector-publico/medio-ambiente/ifn3/infoSpeciesPlot/info-40-1150-A-1-26","https://datos.iepnb.es/recurso/sector-publico/medio-ambiente/ifn3/plot/plot-40-1150-A-1","https://datos.iepnb.es/kos/sector-publico/medio-ambiente/ifn3/taxon/Species26"
"info-40-1151-A-1-26","ifn3","40-1151-A-1","Segovia","Santiuste de San Juan Bautista","Species26","Pinus pinaster",40,131.5681,8.724317,47.41877,31.16565,,"https://datos.iepnb.es/recurso/sector-publico/medio-ambiente/ifn3/infoSpeciesPlot/info-40-1151-A-1-26","https://datos.iepnb.es/recurso/sector-publico/medio-ambiente/ifn3/plot/plot-40-1151-A-1","https://datos.iepnb.es/kos/sector-publico/medio-ambiente/ifn3/taxon/Species26"
"info-40-1151-A-1-23","ifn3","40-1151-A-1","Segovia","Santiuste de San Juan Bautista","Species23","Pinus pinea",60,70.3111,6.33866,30.48948,22.51043,,"https://datos.iepnb.es/recurso/sector-publico/medio-ambiente/ifn3/infoSpeciesPlot/info-40-1151-A-1-23","https://datos.iepnb.es/recurso/sector-publico/medio-ambiente/ifn3/plot/plot-40-1151-A-1","https://datos.iepnb.es/kos/sector-publico/medio-ambiente/ifn3/taxon/Species23"
"info-40-1152-A-1-23","ifn3","40-1152-A-1","Segovia","Montejo de Arévalo","Species23","Pinus pinea",40,117.84548000000002,11.295599000000001,44.972609999999996,33.024350000000005,,"https://datos.iepnb.es/recurso/sector-publico/medio-ambiente/ifn3/infoSpeciesPlot/info-40-1152-A-1-23","https://datos.iepnb.es/recurso/sector-publico/medio-ambiente/ifn3/plot/plot-40-1152-A-1","https://datos.iepnb.es/kos/sector-publico/medio-ambiente/ifn3/taxon/Species23"
"info-40-1152-A-1-26","ifn3","40-1152-A-1","Segovia","Montejo de Arévalo","Species26","Pinus pinaster",60,137.9343,5.44525,22.424970000000002,13.44261,,"https://datos.iepnb.es/recurso/sector-publico/medio-ambiente/ifn3/infoSpeciesPlot/info-40-1152-A-1-26","https://datos.iepnb.es/recurso/sector-publico/medio-ambiente/ifn3/plot/plot-40-1152-A-1","https://datos.iepnb.es/kos/sector-publico/medio-ambiente/ifn3/taxon/Species26"
"info-40-1166-A-1-23","ifn3","40-1166-A-1","Segovia","Aldehuela del Codonal","Species23","Pinus pinea",50,79.2238,10.840150000000001,52.35013,39.81285,,"https://datos.iepnb.es/recurso/sector-publico/medio-ambiente/ifn3/infoSpeciesPlot/info-40-1166-A-1-23","https://datos.iepnb.es/recurso/sector-publico/medio-ambiente/ifn3/plot/plot-40-1166-A-1","https://datos.iepnb.es/kos/sector-publico/medio-ambiente/ifn3/taxon/Species23"
"info-40-1166-A-1-26","ifn3","40-1166-A-1","Segovia","Aldehuela del Codonal","Species26","Pinus pinaster",40,19.24006,2.551036,15.355630000000001,10.14804,,"https://datos.iepnb.es/recurso/sector-publico/medio-ambiente/ifn3/infoSpeciesPlot/info-40-1166-A-1-26","https://datos.iepnb.es/recurso/sector-publico/medio-ambiente/ifn3/plot/plot-40-1166-A-1","https://datos.iepnb.es/kos/sector-publico/medio-ambiente/ifn3/taxon/Species26"
"info-40-1166-A-1-58","ifn3","40-1166-A-1","Segovia","Aldehuela del Codonal","Species58","Populus nigra",10,470.3915,13.63747,57.59102,48.8524,,"https://datos.iepnb.es/recurso/sector-publico/medio-ambiente/ifn3/infoSpeciesPlot/info-40-1166-A-1-58","https://datos.iepnb.es/recurso/sector-publico/medio-ambiente/ifn3/plot/plot-40-1166-A-1","https://datos.iepnb.es/kos/sector-publico/medio-ambiente/ifn3/taxon/Species58"
"info-40-1168-A-1-23","ifn3","40-1168-A-1","Segovia","Juarros de Voltoya","Species23","Pinus pinea",40,15.27888,5.404464,25.296689999999998,20.73688,,"https://datos.iepnb.es/recurso/sector-publico/medio-ambiente/ifn3/infoSpeciesPlot/info-40-1168-A-1-23","https://datos.iepnb.es/recurso/sector-publico/medio-ambiente/ifn3/plot/plot-40-1168-A-1","https://datos.iepnb.es/kos/sector-publico/medio-ambiente/ifn3/taxon/Species23"
"info-40-1168-A-1-26","ifn3","40-1168-A-1","Segovia","Juarros de Voltoya","Species26","Pinus pinaster",60,289.5913,9.55027,36.679939999999995,21.619979999999998,,"https://datos.iepnb.es/recurso/sector-publico/medio-ambiente/ifn3/infoSpeciesPlot/info-40-1168-A-1-26","https://datos.iepnb.es/recurso/sector-publico/medio-ambiente/ifn3/plot/plot-40-1168-A-1","https://datos.iepnb.es/kos/sector-publico/medio-ambiente/ifn3/taxon/Species26"
"info-40-1171-A-1-26","ifn3","40-1171-A-1","Segovia","Juarros de Voltoya","Species26","Pinus pinaster",40,152.0814,7.512394999999999,29.11041,17.28886,,"https://datos.iepnb.es/recurso/sector-publico/medio-ambiente/ifn3/infoSpeciesPlot/info-40-1171-A-1-26","https://datos.iepnb.es/recurso/sector-publico/medio-ambiente/ifn3/plot/plot-40-1171-A-1","https://datos.iepnb.es/kos/sector-publico/medio-ambiente/ifn3/taxon/Species26"
"info-40-1171-A-1-23","ifn3","40-1171-A-1","Segovia","Juarros de Voltoya","Species23","Pinus pinea",50,10.18592,3.87242,18.33697,15.18298,,"https://datos.iepnb.es/recurso/sector-publico/medio-ambiente/ifn3/infoSpeciesPlot/info-40-1171-A-1-23","https://datos.iepnb.es/recurso/sector-publico/medio-ambiente/ifn3/plot/plot-40-1171-A-1","https://datos.iepnb.es/kos/sector-publico/medio-ambiente/ifn3/taxon/Species23"
"info-40-1171-A-1-45","ifn3","40-1171-A-1","Segovia","Juarros de Voltoya","Species45","Quercus ilex",10,,,,,,"https://datos.iepnb.es/recurso/sector-publico/medio-ambiente/ifn3/infoSpeciesPlot/info-40-1171-A-1-45","https://datos.iepnb.es/recurso/sector-publico/medio-ambiente/ifn3/plot/plot-40-1171-A-1","https://datos.iepnb.es/kos/sector-publico/medio-ambiente/ifn3/taxon/Species45"
"info-40-1187-A-1-23","ifn3","40-1187-A-1","Segovia","Carbonero el Mayor","Species23","Pinus pinea",40,56.5884,4.580509,19.473209999999998,14.05244,,"https://datos.iepnb.es/recurso/sector-publico/medio-ambiente/ifn3/infoSpeciesPlot/info-40-1187-A-1-23","https://datos.iepnb.es/recurso/sector-publico/medio-ambiente/ifn3/plot/plot-40-1187-A-1","https://datos.iepnb.es/kos/sector-publico/medio-ambiente/ifn3/taxon/Species23"
"info-40-1187-A-1-45","ifn3","40-1187-A-1","Segovia","Carbonero el Mayor","Species45","Quercus ilex",20,,,,,,"https://datos.iepnb.es/recurso/sector-publico/medio-ambiente/ifn3/infoSpeciesPlot/info-40-1187-A-1-45","https://datos.iepnb.es/recurso/sector-publico/medio-ambiente/ifn3/plot/plot-40-1187-A-1","https://datos.iepnb.es/kos/sector-publico/medio-ambiente/ifn3/taxon/Species45"
"info-40-1187-A-1-26","ifn3","40-1187-A-1","Segovia","Carbonero el Mayor","Species26","Pinus pinaster",40,190.9861,10.596079999999999,43.05814,25.779970000000002,,"https://datos.iepnb.es/recurso/sector-publico/medio-ambiente/ifn3/infoSpeciesPlot/info-40-1187-A-1-26","https://datos.iepnb.es/recurso/sector-publico/medio-ambiente/ifn3/plot/plot-40-1187-A-1","https://datos.iepnb.es/kos/sector-publico/medio-ambiente/ifn3/taxon/Species26"
"info-40-1212-A-1-23","ifn3","40-1212-A-1","Segovia","Nava de la Asunción","Species23","Pinus pinea",60,53.759,7.0806000000000004,28.77539,21.309289999999997,,"https://datos.iepnb.es/recurso/sector-publico/medio-ambiente/ifn3/infoSpeciesPlot/info-40-1212-A-1-23","https://datos.iepnb.es/recurso/sector-publico/medio-ambiente/ifn3/plot/plot-40-1212-A-1","https://datos.iepnb.es/kos/sector-publico/medio-ambiente/ifn3/taxon/Species23"
"info-40-1212-A-1-26","ifn3","40-1212-A-1","Segovia","Nava de la Asunción","Species26","Pinus pinaster",40,19.24006,2.188526,12.088049999999999,8.21306,,"https://datos.iepnb.es/recurso/sector-publico/medio-ambiente/ifn3/infoSpeciesPlot/info-40-1212-A-1-26","https://datos.iepnb.es/recurso/sector-publico/medio-ambiente/ifn3/plot/plot-40-1212-A-1","https://datos.iepnb.es/kos/sector-publico/medio-ambiente/ifn3/taxon/Species26"
"info-40-1217-A-1-23","ifn3","40-1217-A-1","Segovia","Nava de la Asunción","Species23","Pinus pinea",90,30.5577,7.03712,34.5724,26.91176,,"https://datos.iepnb.es/recurso/sector-publico/medio-ambiente/ifn3/infoSpeciesPlot/info-40-1217-A-1-23","https://datos.iepnb.es/recurso/sector-publico/medio-ambiente/ifn3/plot/plot-40-1217-A-1","https://datos.iepnb.es/kos/sector-publico/medio-ambiente/ifn3/taxon/Species23"
"info-40-1217-A-1-26","ifn3","40-1217-A-1","Segovia","Nava de la Asunción","Species26","Pinus pinaster",10,28.2942,1.8091650000000001,8.013819999999999,4.871639999999999,,"https://datos.iepnb.es/recurso/sector-publico/medio-ambiente/ifn3/infoSpeciesPlot/info-40-1217-A-1-26","https://datos.iepnb.es/recurso/sector-publico/medio-ambiente/ifn3/plot/plot-40-1217-A-1","https://datos.iepnb.es/kos/sector-publico/medio-ambiente/ifn3/taxon/Species26"
"info-40-1228-A-3E-23","ifn3","40-1228-A-3E","Segovia","Nava de la Asunción","Species23","Pinus pinea",40,155.6182,4.86574,17.4921,11.405280000000001,,"https://datos.iepnb.es/recurso/sector-publico/medio-ambiente/ifn3/infoSpeciesPlot/info-40-1228-A-3E-23","https://datos.iepnb.es/recurso/sector-publico/medio-ambiente/ifn3/plot/plot-40-1228-A-3E","https://datos.iepnb.es/kos/sector-publico/medio-ambiente/ifn3/taxon/Species23"
"info-40-1228-A-3E-26","ifn3","40-1228-A-3E","Segovia","Nava de la Asunción","Species26","Pinus pinaster",60,70.7356,4.599270000000001,21.85603,13.45047,,"https://datos.iepnb.es/recurso/sector-publico/medio-ambiente/ifn3/infoSpeciesPlot/info-40-1228-A-3E-26","https://datos.iepnb.es/recurso/sector-publico/medio-ambiente/ifn3/plot/plot-40-1228-A-3E","https://datos.iepnb.es/kos/sector-publico/medio-ambiente/ifn3/taxon/Species26"
"info-40-1241-A-1-23","ifn3","40-1241-A-1","Segovia","Tabanera la Luenga","Species23","Pinus pinea",10,19.24006,1.836176,7.89376,5.87096,,"https://datos.iepnb.es/recurso/sector-publico/medio-ambiente/ifn3/infoSpeciesPlot/info-40-1241-A-1-23","https://datos.iepnb.es/recurso/sector-publico/medio-ambiente/ifn3/plot/plot-40-1241-A-1","https://datos.iepnb.es/kos/sector-publico/medio-ambiente/ifn3/taxon/Species23"
"info-40-1241-A-1-26","ifn3","40-1241-A-1","Segovia","Tabanera la Luenga","Species26","Pinus pinaster",90,33.38716,3.836845,19.848309999999998,13.10156,,"https://datos.iepnb.es/recurso/sector-publico/medio-ambiente/ifn3/infoSpeciesPlot/info-40-1241-A-1-26","https://datos.iepnb.es/recurso/sector-publico/medio-ambiente/ifn3/plot/plot-40-1241-A-1","https://datos.iepnb.es/kos/sector-publico/medio-ambiente/ifn3/taxon/Species26"
"info-40-1275-A-1-23","ifn3","40-1275-A-1","Segovia","Mozoncillo","Species23","Pinus pinea",10,10.18592,2.5197249999999998,16.91988,13.738510000000002,,"https://datos.iepnb.es/recurso/sector-publico/medio-ambiente/ifn3/infoSpeciesPlot/info-40-1275-A-1-23","https://datos.iepnb.es/recurso/sector-publico/medio-ambiente/ifn3/plot/plot-40-1275-A-1","https://datos.iepnb.es/kos/sector-publico/medio-ambiente/ifn3/taxon/Species23"
"info-40-1275-A-1-26","ifn3","40-1275-A-1","Segovia","Mozoncillo","Species26","Pinus pinaster",90,536.7419,38.578059999999994,254.17469999999997,162.53080999999997,,"https://datos.iepnb.es/recurso/sector-publico/medio-ambiente/ifn3/infoSpeciesPlot/info-40-1275-A-1-26","https://datos.iepnb.es/recurso/sector-publico/medio-ambiente/ifn3/plot/plot-40-1275-A-1","https://datos.iepnb.es/kos/sector-publico/medio-ambiente/ifn3/taxon/Species26"
"info-40-1277-A-1-23","ifn3","40-1277-A-1","Segovia","Mozoncillo","Species23","Pinus pinea",10,5.09296,1.66926,11.9346,10.0267,,"https://datos.iepnb.es/recurso/sector-publico/medio-ambiente/ifn3/infoSpeciesPlot/info-40-1277-A-1-23","https://datos.iepnb.es/recurso/sector-publico/medio-ambiente/ifn3/plot/plot-40-1277-A-1","https://datos.iepnb.es/kos/sector-publico/medio-ambiente/ifn3/taxon/Species23"
"info-40-1277-A-1-26","ifn3","40-1277-A-1","Segovia","Mozoncillo","Species26","Pinus pinaster",90,226.35388,36.62460000000001,295.22327,217.37333999999998,,"https://datos.iepnb.es/recurso/sector-publico/medio-ambiente/ifn3/infoSpeciesPlot/info-40-1277-A-1-26","https://datos.iepnb.es/recurso/sector-publico/medio-ambiente/ifn3/plot/plot-40-1277-A-1","https://datos.iepnb.es/kos/sector-publico/medio-ambiente/ifn3/taxon/Species26"
"info-40-1292-A-1-23","ifn3","40-1292-A-1","Segovia","Escarabajosa de Cabezas","Species23","Pinus pinea",30,89.97576000000001,7.683940000000001,35.18333,25.85674,,"https://datos.iepnb.es/recurso/sector-publico/medio-ambiente/ifn3/infoSpeciesPlot/info-40-1292-A-1-23","https://datos.iepnb.es/recurso/sector-publico/medio-ambiente/ifn3/plot/plot-40-1292-A-1","https://datos.iepnb.es/kos/sector-publico/medio-ambiente/ifn3/taxon/Species23"
"info-40-1292-A-1-45","ifn3","40-1292-A-1","Segovia","Escarabajosa de Cabezas","Species45","Quercus ilex",20,63.662,1.02363,2.90194,2.27145,,"https://datos.iepnb.es/recurso/sector-publico/medio-ambiente/ifn3/infoSpeciesPlot/info-40-1292-A-1-45","https://datos.iepnb.es/recurso/sector-publico/medio-ambiente/ifn3/plot/plot-40-1292-A-1","https://datos.iepnb.es/kos/sector-publico/medio-ambiente/ifn3/taxon/Species45"
"info-40-1292-A-1-26","ifn3","40-1292-A-1","Segovia","Escarabajosa de Cabezas","Species26","Pinus pinaster",50,261.7216,12.48945,59.3035,35.38438,,"https://datos.iepnb.es/recurso/sector-publico/medio-ambiente/ifn3/infoSpeciesPlot/info-40-1292-A-1-26","https://datos.iepnb.es/recurso/sector-publico/medio-ambiente/ifn3/plot/plot-40-1292-A-1","https://datos.iepnb.es/kos/sector-publico/medio-ambiente/ifn3/taxon/Species26"
"info-40-1431-A-1-26","ifn3","40-1431-A-1","Segovia","Martín Muñoz de las Posadas","Species26","Pinus pinaster",100,348.16056000000003,26.134807000000002,137.96917,86.87970999999999,,"https://datos.iepnb.es/recurso/sector-publico/medio-ambiente/ifn3/infoSpeciesPlot/info-40-1431-A-1-26","https://datos.iepnb.es/recurso/sector-publico/medio-ambiente/ifn3/plot/plot-40-1431-A-1","https://datos.iepnb.es/kos/sector-publico/medio-ambiente/ifn3/taxon/Species26"
"info-40-1441-A-1-23","ifn3","40-1441-A-1","Segovia","Santa María la Real de Nieva","Species23","Pinus pinea",50,44.7049,6.38889,32.92953,24.852849999999997,,"https://datos.iepnb.es/recurso/sector-publico/medio-ambiente/ifn3/infoSpeciesPlot/info-40-1441-A-1-23","https://datos.iepnb.es/recurso/sector-publico/medio-ambiente/ifn3/plot/plot-40-1441-A-1","https://datos.iepnb.es/kos/sector-publico/medio-ambiente/ifn3/taxon/Species23"
"info-40-1441-A-1-26","ifn3","40-1441-A-1","Segovia","Santa María la Real de Nieva","Species26","Pinus pinaster",50,33.38716,3.557674,20.80932,13.98579,,"https://datos.iepnb.es/recurso/sector-publico/medio-ambiente/ifn3/infoSpeciesPlot/info-40-1441-A-1-26","https://datos.iepnb.es/recurso/sector-publico/medio-ambiente/ifn3/plot/plot-40-1441-A-1","https://datos.iepnb.es/kos/sector-publico/medio-ambiente/ifn3/taxon/Species26"
"info-40-1450-A-1-45","ifn3","40-1450-A-1","Segovia","Muñopedro","Species45","Quercus ilex",20,,,,,,"https://datos.iepnb.es/recurso/sector-publico/medio-ambiente/ifn3/infoSpeciesPlot/info-40-1450-A-1-45","https://datos.iepnb.es/recurso/sector-publico/medio-ambiente/ifn3/plot/plot-40-1450-A-1","https://datos.iepnb.es/kos/sector-publico/medio-ambiente/ifn3/taxon/Species45"
"info-40-1450-A-1-23","ifn3","40-1450-A-1","Segovia","Muñopedro","Species23","Pinus pinea",70,34.51892,7.504765000000001,41.84846,34.80865,,"https://datos.iepnb.es/recurso/sector-publico/medio-ambiente/ifn3/infoSpeciesPlot/info-40-1450-A-1-23","https://datos.iepnb.es/recurso/sector-publico/medio-ambiente/ifn3/plot/plot-40-1450-A-1","https://datos.iepnb.es/kos/sector-publico/medio-ambiente/ifn3/taxon/Species23"
"info-40-1526-A-1-23","ifn3","40-1526-A-1","Segovia","Muñopedro","Species23","Pinus pinea",10,19.24006,1.939041,6.43739,4.65844,,"https://datos.iepnb.es/recurso/sector-publico/medio-ambiente/ifn3/infoSpeciesPlot/info-40-1526-A-1-23","https://datos.iepnb.es/recurso/sector-publico/medio-ambiente/ifn3/plot/plot-40-1526-A-1","https://datos.iepnb.es/kos/sector-publico/medio-ambiente/ifn3/taxon/Species23"
"info-40-1526-A-1-26","ifn3","40-1526-A-1","Segovia","Muñopedro","Species26","Pinus pinaster",60,360.7513,5.20096,19.369590000000002,10.50488,,"https://datos.iepnb.es/recurso/sector-publico/medio-ambiente/ifn3/infoSpeciesPlot/info-40-1526-A-1-26","https://datos.iepnb.es/recurso/sector-publico/medio-ambiente/ifn3/plot/plot-40-1526-A-1","https://datos.iepnb.es/kos/sector-publico/medio-ambiente/ifn3/taxon/Species26"
"info-40-1526-A-1-45","ifn3","40-1526-A-1","Segovia","Muñopedro","Species45","Quercus ilex",30,,,,,,"https://datos.iepnb.es/recurso/sector-publico/medio-ambiente/ifn3/infoSpeciesPlot/info-40-1526-A-1-45","https://datos.iepnb.es/recurso/sector-publico/medio-ambiente/ifn3/plot/plot-40-1526-A-1","https://datos.iepnb.es/kos/sector-publico/medio-ambiente/ifn3/taxon/Species45"
"info-40-1527-A-1-26","ifn3","40-1527-A-1","Segovia","Villacastín","Species26","Pinus pinaster",100,340.66270000000003,27.98722,175.5545,112.92930000000001,,"https://datos.iepnb.es/recurso/sector-publico/medio-ambiente/ifn3/infoSpeciesPlot/info-40-1527-A-1-26","https://datos.iepnb.es/recurso/sector-publico/medio-ambiente/ifn3/plot/plot-40-1527-A-1","https://datos.iepnb.es/kos/sector-publico/medio-ambiente/ifn3/taxon/Species26"
"info-40-1528-A-1-26","ifn3","40-1528-A-1","Segovia","Villacastín","Species26","Pinus pinaster",30,60.1252,2.924086,12.04089,7.26485,,"https://datos.iepnb.es/recurso/sector-publico/medio-ambiente/ifn3/infoSpeciesPlot/info-40-1528-A-1-26","https://datos.iepnb.es/recurso/sector-publico/medio-ambiente/ifn3/plot/plot-40-1528-A-1","https://datos.iepnb.es/kos/sector-publico/medio-ambiente/ifn3/taxon/Species26"
"info-40-1528-A-1-45","ifn3","40-1528-A-1","Segovia","Villacastín","Species45","Quercus ilex",20,,,,,,"https://datos.iepnb.es/recurso/sector-publico/medio-ambiente/ifn3/infoSpeciesPlot/info-40-1528-A-1-45","https://datos.iepnb.es/recurso/sector-publico/medio-ambiente/ifn3/plot/plot-40-1528-A-1","https://datos.iepnb.es/kos/sector-publico/medio-ambiente/ifn3/taxon/Species45"
"info-40-1528-A-1-23","ifn3","40-1528-A-1","Segovia","Villacastín","Species23","Pinus pinea",50,155.19372,12.636059,51.77381,37.49426,,"https://datos.iepnb.es/recurso/sector-publico/medio-ambiente/ifn3/infoSpeciesPlot/info-40-1528-A-1-23","https://datos.iepnb.es/recurso/sector-publico/medio-ambiente/ifn3/plot/plot-40-1528-A-1","https://datos.iepnb.es/kos/sector-publico/medio-ambiente/ifn3/taxon/Species23"
"info-40-1536-A-1-23","ifn3","40-1536-A-1","Segovia","Villacastín","Species23","Pinus pinea",50,62.38876,6.96274,36.76025,28.22114,,"https://datos.iepnb.es/recurso/sector-publico/medio-ambiente/ifn3/infoSpeciesPlot/info-40-1536-A-1-23","https://datos.iepnb.es/recurso/sector-publico/medio-ambiente/ifn3/plot/plot-40-1536-A-1","https://datos.iepnb.es/kos/sector-publico/medio-ambiente/ifn3/taxon/Species23"
"info-40-1536-A-1-26","ifn3","40-1536-A-1","Segovia","Villacastín","Species26","Pinus pinaster",30,51.071059999999996,2.43098,10.94866,6.68942,,"https://datos.iepnb.es/recurso/sector-publico/medio-ambiente/ifn3/infoSpeciesPlot/info-40-1536-A-1-26","https://datos.iepnb.es/recurso/sector-publico/medio-ambiente/ifn3/plot/plot-40-1536-A-1","https://datos.iepnb.es/kos/sector-publico/medio-ambiente/ifn3/taxon/Species26"
"info-40-1536-A-1-45","ifn3","40-1536-A-1","Segovia","Villacastín","Species45","Quercus ilex",20,,,,,,"https://datos.iepnb.es/recurso/sector-publico/medio-ambiente/ifn3/infoSpeciesPlot/info-40-1536-A-1-45","https://datos.iepnb.es/recurso/sector-publico/medio-ambiente/ifn3/plot/plot-40-1536-A-1","https://datos.iepnb.es/kos/sector-publico/medio-ambiente/ifn3/taxon/Species45"
"info-40-1537-A-1-26","ifn3","40-1537-A-1","Segovia","Monterrubio","Species26","Pinus pinaster",20,5.09296,0.927369,5.26557,3.56988,,"https://datos.iepnb.es/recurso/sector-publico/medio-ambiente/ifn3/infoSpeciesPlot/info-40-1537-A-1-26","https://datos.iepnb.es/recurso/sector-publico/medio-ambiente/ifn3/plot/plot-40-1537-A-1","https://datos.iepnb.es/kos/sector-publico/medio-ambiente/ifn3/taxon/Species26"
"info-40-1537-A-1-45","ifn3","40-1537-A-1","Segovia","Monterrubio","Species45","Quercus ilex",80,827.606,6.334949999999999,22.83939,17.07818,,"https://datos.iepnb.es/recurso/sector-publico/medio-ambiente/ifn3/infoSpeciesPlot/info-40-1537-A-1-45","https://datos.iepnb.es/recurso/sector-publico/medio-ambiente/ifn3/plot/plot-40-1537-A-1","https://datos.iepnb.es/kos/sector-publico/medio-ambiente/ifn3/taxon/Species45"
"info-40-1538-A-1-26","ifn3","40-1538-A-1","Segovia","Monterrubio","Species26","Pinus pinaster",90,413.8031,14.638615999999999,73.00868,46.09994,,"https://datos.iepnb.es/recurso/sector-publico/medio-ambiente/ifn3/infoSpeciesPlot/info-40-1538-A-1-26","https://datos.iepnb.es/recurso/sector-publico/medio-ambiente/ifn3/plot/plot-40-1538-A-1","https://datos.iepnb.es/kos/sector-publico/medio-ambiente/ifn3/taxon/Species26"
"info-40-1538-A-1-45","ifn3","40-1538-A-1","Segovia","Monterrubio","Species45","Quercus ilex",10,,,,,,"https://datos.iepnb.es/recurso/sector-publico/medio-ambiente/ifn3/infoSpeciesPlot/info-40-1538-A-1-45","https://datos.iepnb.es/recurso/sector-publico/medio-ambiente/ifn3/plot/plot-40-1538-A-1","https://datos.iepnb.es/kos/sector-publico/medio-ambiente/ifn3/taxon/Species45"
"info-40-1543-A-1-23","ifn3","40-1543-A-1","Segovia","Villacastín","Species23","Pinus pinea",20,29.425959999999996,4.316936,17.47446,13.006179999999999,,"https://datos.iepnb.es/recurso/sector-publico/medio-ambiente/ifn3/infoSpeciesPlot/info-40-1543-A-1-23","https://datos.iepnb.es/recurso/sector-publico/medio-ambiente/ifn3/plot/plot-40-1543-A-1","https://datos.iepnb.es/kos/sector-publico/medio-ambiente/ifn3/taxon/Species23"
"info-40-1543-A-1-26","ifn3","40-1543-A-1","Segovia","Villacastín","Species26","Pinus pinaster",70,215.74360000000001,13.60023,61.63961,37.685370000000006,,"https://datos.iepnb.es/recurso/sector-publico/medio-ambiente/ifn3/infoSpeciesPlot/info-40-1543-A-1-26","https://datos.iepnb.es/recurso/sector-publico/medio-ambiente/ifn3/plot/plot-40-1543-A-1","https://datos.iepnb.es/kos/sector-publico/medio-ambiente/ifn3/taxon/Species26"
"info-40-1543-A-1-45","ifn3","40-1543-A-1","Segovia","Villacastín","Species45","Quercus ilex",10,,,,,,"https://datos.iepnb.es/recurso/sector-publico/medio-ambiente/ifn3/infoSpeciesPlot/info-40-1543-A-1-45","https://datos.iepnb.es/recurso/sector-publico/medio-ambiente/ifn3/plot/plot-40-1543-A-1","https://datos.iepnb.es/kos/sector-publico/medio-ambiente/ifn3/taxon/Species45"
"info-40-2035-N-N-23","ifn3","40-2035-N-N","Segovia","Samboal","Species23","Pinus pinea",30,38.48012,6.200680000000001,41.57089,33.232,,"https://datos.iepnb.es/recurso/sector-publico/medio-ambiente/ifn3/infoSpeciesPlot/info-40-2035-N-N-23","https://datos.iepnb.es/recurso/sector-publico/medio-ambiente/ifn3/plot/plot-40-2035-N-N","https://datos.iepnb.es/kos/sector-publico/medio-ambiente/ifn3/taxon/Species23"
"info-40-2035-N-N-26","ifn3","40-2035-N-N","Segovia","Samboal","Species26","Pinus pinaster",70,142.6029,40.19784,296.7303,232.5692,,"https://datos.iepnb.es/recurso/sector-publico/medio-ambiente/ifn3/infoSpeciesPlot/info-40-2035-N-N-26","https://datos.iepnb.es/recurso/sector-publico/medio-ambiente/ifn3/plot/plot-40-2035-N-N","https://datos.iepnb.es/kos/sector-publico/medio-ambiente/ifn3/taxon/Species26"
"info-47-243-A-1-23","ifn3","47-243-A-1","Valladolid","Laguna de Duero","Species23","Pinus pinea",90,125.62639999999999,14.218674,67.09048999999999,49.62609,,"https://datos.iepnb.es/recurso/sector-publico/medio-ambiente/ifn3/infoSpeciesPlot/info-47-243-A-1-23","https://datos.iepnb.es/recurso/sector-publico/medio-ambiente/ifn3/plot/plot-47-243-A-1","https://datos.iepnb.es/kos/sector-publico/medio-ambiente/ifn3/taxon/Species23"
"info-47-243-A-1-26","ifn3","47-243-A-1","Valladolid","Laguna de Duero","Species26","Pinus pinaster",10,127.3241,8.433340000000001,42.9707,26.251,,"https://datos.iepnb.es/recurso/sector-publico/medio-ambiente/ifn3/infoSpeciesPlot/info-47-243-A-1-26","https://datos.iepnb.es/recurso/sector-publico/medio-ambiente/ifn3/plot/plot-47-243-A-1","https://datos.iepnb.es/kos/sector-publico/medio-ambiente/ifn3/taxon/Species26"
"info-47-251-A-1-23","ifn3","47-251-A-1","Valladolid","Laguna de Duero","Species23","Pinus pinea",100,130.8608,7.23119,28.22191,19.70339,30,"https://datos.iepnb.es/recurso/sector-publico/medio-ambiente/ifn3/infoSpeciesPlot/info-47-251-A-1-23","https://datos.iepnb.es/recurso/sector-publico/medio-ambiente/ifn3/plot/plot-47-251-A-1","https://datos.iepnb.es/kos/sector-publico/medio-ambiente/ifn3/taxon/Species23"
"info-47-311-A-1-23","ifn3","47-311-A-1","Valladolid","Villanueva de Duero","Species23","Pinus pinea",80,115.01596,11.486576,56.43505999999999,42.180009999999996,,"https://datos.iepnb.es/recurso/sector-publico/medio-ambiente/ifn3/infoSpeciesPlot/info-47-311-A-1-23","https://datos.iepnb.es/recurso/sector-publico/medio-ambiente/ifn3/plot/plot-47-311-A-1","https://datos.iepnb.es/kos/sector-publico/medio-ambiente/ifn3/taxon/Species23"
"info-47-311-A-1-26","ifn3","47-311-A-1","Valladolid","Villanueva de Duero","Species26","Pinus pinaster",20,70.7355,6.519071,37.02138,23.45893,,"https://datos.iepnb.es/recurso/sector-publico/medio-ambiente/ifn3/infoSpeciesPlot/info-47-311-A-1-26","https://datos.iepnb.es/recurso/sector-publico/medio-ambiente/ifn3/plot/plot-47-311-A-1","https://datos.iepnb.es/kos/sector-publico/medio-ambiente/ifn3/taxon/Species26"
"info-47-312-A-1-45","ifn3","47-312-A-1","Valladolid","Boecillo","Species45","Quercus ilex",10,,,,,,"https://datos.iepnb.es/recurso/sector-publico/medio-ambiente/ifn3/infoSpeciesPlot/info-47-312-A-1-45","https://datos.iepnb.es/recurso/sector-publico/medio-ambiente/ifn3/plot/plot-47-312-A-1","https://datos.iepnb.es/kos/sector-publico/medio-ambiente/ifn3/taxon/Species45"
"info-47-312-A-1-23","ifn3","47-312-A-1","Valladolid","Boecillo","Species23","Pinus pinea",80,237.67170000000002,24.638726,134.17772000000002,99.31065,,"https://datos.iepnb.es/recurso/sector-publico/medio-ambiente/ifn3/infoSpeciesPlot/info-47-312-A-1-23","https://datos.iepnb.es/recurso/sector-publico/medio-ambiente/ifn3/plot/plot-47-312-A-1","https://datos.iepnb.es/kos/sector-publico/medio-ambiente/ifn3/taxon/Species23"
"info-47-312-A-1-26","ifn3","47-312-A-1","Valladolid","Boecillo","Species26","Pinus pinaster",10,28.2942,2.28024,12.8712,8.02348,,"https://datos.iepnb.es/recurso/sector-publico/medio-ambiente/ifn3/infoSpeciesPlot/info-47-312-A-1-26","https://datos.iepnb.es/recurso/sector-publico/medio-ambiente/ifn3/plot/plot-47-312-A-1","https://datos.iepnb.es/kos/sector-publico/medio-ambiente/ifn3/taxon/Species26"
"info-47-329-A-1-26","ifn3","47-329-A-1","Valladolid","Viana de Cega","Species26","Pinus pinaster",100,252.5261,23.992136000000002,153.41833,101.00640999999999,,"https://datos.iepnb.es/recurso/sector-publico/medio-ambiente/ifn3/infoSpeciesPlot/info-47-329-A-1-26","https://datos.iepnb.es/recurso/sector-publico/medio-ambiente/ifn3/plot/plot-47-329-A-1","https://datos.iepnb.es/kos/sector-publico/medio-ambiente/ifn3/taxon/Species26"
"info-47-330-A-1-23","ifn3","47-330-A-1","Valladolid","Boecillo","Species23","Pinus pinea",20,5.09296,1.47622,9.23441,7.38041,,"https://datos.iepnb.es/recurso/sector-publico/medio-ambiente/ifn3/infoSpeciesPlot/info-47-330-A-1-23","https://datos.iepnb.es/recurso/sector-publico/medio-ambiente/ifn3/plot/plot-47-330-A-1","https://datos.iepnb.es/kos/sector-publico/medio-ambiente/ifn3/taxon/Species23"
"info-47-330-A-1-26","ifn3","47-330-A-1","Valladolid","Boecillo","Species26","Pinus pinaster",80,5.09296,1.22766,9.33678,7.12538,,"https://datos.iepnb.es/recurso/sector-publico/medio-ambiente/ifn3/infoSpeciesPlot/info-47-330-A-1-26","https://datos.iepnb.es/recurso/sector-publico/medio-ambiente/ifn3/plot/plot-47-330-A-1","https://datos.iepnb.es/kos/sector-publico/medio-ambiente/ifn3/taxon/Species26"
"info-47-335-A-1-23","ifn3","47-335-A-1","Valladolid","Portillo","Species23","Pinus pinea",10,10.1859,1.61842,8.37281,6.31276,,"https://datos.iepnb.es/recurso/sector-publico/medio-ambiente/ifn3/infoSpeciesPlot/info-47-335-A-1-23","https://datos.iepnb.es/recurso/sector-publico/medio-ambiente/ifn3/plot/plot-47-335-A-1","https://datos.iepnb.es/kos/sector-publico/medio-ambiente/ifn3/taxon/Species23"
"info-47-335-A-1-26","ifn3","47-335-A-1","Valladolid","Portillo","Species26","Pinus pinaster",90,74.2723,3.9688049999999997,12.1829,7.47417,,"https://datos.iepnb.es/recurso/sector-publico/medio-ambiente/ifn3/infoSpeciesPlot/info-47-335-A-1-26","https://datos.iepnb.es/recurso/sector-publico/medio-ambiente/ifn3/plot/plot-47-335-A-1","https://datos.iepnb.es/kos/sector-publico/medio-ambiente/ifn3/taxon/Species26"
"info-47-342-A-1-23","ifn3","47-342-A-1","Valladolid","Valdestillas","Species23","Pinus pinea",80,53.758959999999995,6.447205,31.560679999999998,23.504730000000002,,"https://datos.iepnb.es/recurso/sector-publico/medio-ambiente/ifn3/infoSpeciesPlot/info-47-342-A-1-23","https://datos.iepnb.es/recurso/sector-publico/medio-ambiente/ifn3/plot/plot-47-342-A-1","https://datos.iepnb.es/kos/sector-publico/medio-ambiente/ifn3/taxon/Species23"
"info-47-342-A-1-26","ifn3","47-342-A-1","Valladolid","Valdestillas","Species26","Pinus pinaster",20,38.48012,5.528868,34.9263,23.48471,,"https://datos.iepnb.es/recurso/sector-publico/medio-ambiente/ifn3/infoSpeciesPlot/info-47-342-A-1-26","https://datos.iepnb.es/recurso/sector-publico/medio-ambiente/ifn3/plot/plot-47-342-A-1","https://datos.iepnb.es/kos/sector-publico/medio-ambiente/ifn3/taxon/Species26"
"info-47-345-A-1-23","ifn3","47-345-A-1","Valladolid","Viana de Cega","Species23","Pinus pinea",40,135.95386000000002,12.817758999999999,64.45262000000001,47.355549999999994,,"https://datos.iepnb.es/recurso/sector-publico/medio-ambiente/ifn3/infoSpeciesPlot/info-47-345-A-1-23","https://datos.iepnb.es/recurso/sector-publico/medio-ambiente/ifn3/plot/plot-47-345-A-1","https://datos.iepnb.es/kos/sector-publico/medio-ambiente/ifn3/taxon/Species23"
"info-47-345-A-1-26","ifn3","47-345-A-1","Valladolid","Viana de Cega","Species26","Pinus pinaster",60,102.5666,6.682650000000001,39.61694,24.977950999999997,,"https://datos.iepnb.es/recurso/sector-publico/medio-ambiente/ifn3/infoSpeciesPlot/info-47-345-A-1-26","https://datos.iepnb.es/recurso/sector-publico/medio-ambiente/ifn3/plot/plot-47-345-A-1","https://datos.iepnb.es/kos/sector-publico/medio-ambiente/ifn3/taxon/Species26"
"info-47-347-A-1-23","ifn3","47-347-A-1","Valladolid","Viana de Cega","Species23","Pinus pinea",90,105.25450000000001,11.831503999999999,63.27335000000001,47.052769999999995,,"https://datos.iepnb.es/recurso/sector-publico/medio-ambiente/ifn3/infoSpeciesPlot/info-47-347-A-1-23","https://datos.iepnb.es/recurso/sector-publico/medio-ambiente/ifn3/plot/plot-47-347-A-1","https://datos.iepnb.es/kos/sector-publico/medio-ambiente/ifn3/taxon/Species23"
"info-47-347-A-1-26","ifn3","47-347-A-1","Valladolid","Viana de Cega","Species26","Pinus pinaster",10,10.1859,1.52951,8.4228,5.5797,,"https://datos.iepnb.es/recurso/sector-publico/medio-ambiente/ifn3/infoSpeciesPlot/info-47-347-A-1-26","https://datos.iepnb.es/recurso/sector-publico/medio-ambiente/ifn3/plot/plot-47-347-A-1","https://datos.iepnb.es/kos/sector-publico/medio-ambiente/ifn3/taxon/Species26"
"info-47-351-A-1-26","ifn3","47-351-A-1","Valladolid","Pedraja de Portillo, La","Species26","Pinus pinaster",40,14.1471,1.68134,9.09512,5.85062,,"https://datos.iepnb.es/recurso/sector-publico/medio-ambiente/ifn3/infoSpeciesPlot/info-47-351-A-1-26","https://datos.iepnb.es/recurso/sector-publico/medio-ambiente/ifn3/plot/plot-47-351-A-1","https://datos.iepnb.es/kos/sector-publico/medio-ambiente/ifn3/taxon/Species26"
"info-47-351-A-1-23","ifn3","47-351-A-1","Valladolid","Pedraja de Portillo, La","Species23","Pinus pinea",60,212.20669999999998,8.3081,32.23944,21.90927,,"https://datos.iepnb.es/recurso/sector-publico/medio-ambiente/ifn3/infoSpeciesPlot/info-47-351-A-1-23","https://datos.iepnb.es/recurso/sector-publico/medio-ambiente/ifn3/plot/plot-47-351-A-1","https://datos.iepnb.es/kos/sector-publico/medio-ambiente/ifn3/taxon/Species23"
"info-47-355-A-1-23","ifn3","47-355-A-1","Valladolid","Portillo","Species23","Pinus pinea",40,14.1471,0.642669,1.41605,0.965996,,"https://datos.iepnb.es/recurso/sector-publico/medio-ambiente/ifn3/infoSpeciesPlot/info-47-355-A-1-23","https://datos.iepnb.es/recurso/sector-publico/medio-ambiente/ifn3/plot/plot-47-355-A-1","https://datos.iepnb.es/kos/sector-publico/medio-ambiente/ifn3/taxon/Species23"
"info-47-355-A-1-26","ifn3","47-355-A-1","Valladolid","Portillo","Species26","Pinus pinaster",60,111.19626,6.086325,20.07771,12.938649999999999,,"https://datos.iepnb.es/recurso/sector-publico/medio-ambiente/ifn3/infoSpeciesPlot/info-47-355-A-1-26","https://datos.iepnb.es/recurso/sector-publico/medio-ambiente/ifn3/plot/plot-47-355-A-1","https://datos.iepnb.es/kos/sector-publico/medio-ambiente/ifn3/taxon/Species26"
"info-47-364-A-1-23","ifn3","47-364-A-1","Valladolid","Pedraja de Portillo, La","Species23","Pinus pinea",10,5.09296,1.25216,6.52983,5.06939,,"https://datos.iepnb.es/recurso/sector-publico/medio-ambiente/ifn3/infoSpeciesPlot/info-47-364-A-1-23","https://datos.iepnb.es/recurso/sector-publico/medio-ambiente/ifn3/plot/plot-47-364-A-1","https://datos.iepnb.es/kos/sector-publico/medio-ambiente/ifn3/taxon/Species23"
"info-47-364-A-1-26","ifn3","47-364-A-1","Valladolid","Pedraja de Portillo, La","Species26","Pinus pinaster",90,38.4801,5.1033100000000005,32.0773,21.316200000000002,,"https://datos.iepnb.es/recurso/sector-publico/medio-ambiente/ifn3/infoSpeciesPlot/info-47-364-A-1-26","https://datos.iepnb.es/recurso/sector-publico/medio-ambiente/ifn3/plot/plot-47-364-A-1","https://datos.iepnb.es/kos/sector-publico/medio-ambiente/ifn3/taxon/Species26"
"info-47-365-A-1-26","ifn3","47-365-A-1","Valladolid","Pedraja de Portillo, La","Species26","Pinus pinaster",90,164.10666,19.85565,134.07450999999998,90.94905,,"https://datos.iepnb.es/recurso/sector-publico/medio-ambiente/ifn3/infoSpeciesPlot/info-47-365-A-1-26","https://datos.iepnb.es/recurso/sector-publico/medio-ambiente/ifn3/plot/plot-47-365-A-1","https://datos.iepnb.es/kos/sector-publico/medio-ambiente/ifn3/taxon/Species26"
"info-47-365-A-1-23","ifn3","47-365-A-1","Valladolid","Pedraja de Portillo, La","Species23","Pinus pinea",10,31.831,0.620156,2.2135,1.28662,,"https://datos.iepnb.es/recurso/sector-publico/medio-ambiente/ifn3/infoSpeciesPlot/info-47-365-A-1-23","https://datos.iepnb.es/recurso/sector-publico/medio-ambiente/ifn3/plot/plot-47-365-A-1","https://datos.iepnb.es/kos/sector-publico/medio-ambiente/ifn3/taxon/Species23"
"info-47-372-A-1-23","ifn3","47-372-A-1","Valladolid","Portillo","Species23","Pinus pinea",40,19.24006,3.6085700000000003,7.95389,6.10207,,"https://datos.iepnb.es/recurso/sector-publico/medio-ambiente/ifn3/infoSpeciesPlot/info-47-372-A-1-23","https://datos.iepnb.es/recurso/sector-publico/medio-ambiente/ifn3/plot/plot-47-372-A-1","https://datos.iepnb.es/kos/sector-publico/medio-ambiente/ifn3/taxon/Species23"
"info-47-372-A-1-26","ifn3","47-372-A-1","Valladolid","Portillo","Species26","Pinus pinaster",60,151.65702000000002,3.6184400000000005,16.51802,11.9116,,"https://datos.iepnb.es/recurso/sector-publico/medio-ambiente/ifn3/infoSpeciesPlot/info-47-372-A-1-26","https://datos.iepnb.es/recurso/sector-publico/medio-ambiente/ifn3/plot/plot-47-372-A-1","https://datos.iepnb.es/kos/sector-publico/medio-ambiente/ifn3/taxon/Species26"
"info-47-373-A-1-23","ifn3","47-373-A-1","Valladolid","Portillo","Species23","Pinus pinea",20,33.38716,2.5823400000000003,13.006440000000001,9.655719999999999,,"https://datos.iepnb.es/recurso/sector-publico/medio-ambiente/ifn3/infoSpeciesPlot/info-47-373-A-1-23","https://datos.iepnb.es/recurso/sector-publico/medio-ambiente/ifn3/plot/plot-47-373-A-1","https://datos.iepnb.es/kos/sector-publico/medio-ambiente/ifn3/taxon/Species23"
"info-47-373-A-1-26","ifn3","47-373-A-1","Valladolid","Portillo","Species26","Pinus pinaster",80,116.2892,5.7881610000000006,26.74706,16.621719999999996,,"https://datos.iepnb.es/recurso/sector-publico/medio-ambiente/ifn3/infoSpeciesPlot/info-47-373-A-1-26","https://datos.iepnb.es/recurso/sector-publico/medio-ambiente/ifn3/plot/plot-47-373-A-1","https://datos.iepnb.es/kos/sector-publico/medio-ambiente/ifn3/taxon/Species26"
"info-47-630-A-1-23","ifn3","47-630-A-1","Valladolid","Portillo","Species23","Pinus pinea",20,5.09296,1.3248,3.60713,2.77326,,"https://datos.iepnb.es/recurso/sector-publico/medio-ambiente/ifn3/infoSpeciesPlot/info-47-630-A-1-23","https://datos.iepnb.es/recurso/sector-publico/medio-ambiente/ifn3/plot/plot-47-630-A-1","https://datos.iepnb.es/kos/sector-publico/medio-ambiente/ifn3/taxon/Species23"
"info-47-630-A-1-26","ifn3","47-630-A-1","Valladolid","Portillo","Species26","Pinus pinaster",80,143.31016,14.653595999999999,75.37221,51.180060000000005,,"https://datos.iepnb.es/recurso/sector-publico/medio-ambiente/ifn3/infoSpeciesPlot/info-47-630-A-1-26","https://datos.iepnb.es/recurso/sector-publico/medio-ambiente/ifn3/plot/plot-47-630-A-1","https://datos.iepnb.es/kos/sector-publico/medio-ambiente/ifn3/taxon/Species26"
"info-47-631-A-1-23","ifn3","47-631-A-1","Valladolid","Portillo","Species23","Pinus pinea",20,155.6182,2.58539,8.68583,6.162140000000001,,"https://datos.iepnb.es/recurso/sector-publico/medio-ambiente/ifn3/infoSpeciesPlot/info-47-631-A-1-23","https://datos.iepnb.es/recurso/sector-publico/medio-ambiente/ifn3/plot/plot-47-631-A-1","https://datos.iepnb.es/kos/sector-publico/medio-ambiente/ifn3/taxon/Species23"
"info-47-631-A-1-26","ifn3","47-631-A-1","Valladolid","Portillo","Species26","Pinus pinaster",80,91.10742000000002,9.15871,49.83541,33.29136,,"https://datos.iepnb.es/recurso/sector-publico/medio-ambiente/ifn3/infoSpeciesPlot/info-47-631-A-1-26","https://datos.iepnb.es/recurso/sector-publico/medio-ambiente/ifn3/plot/plot-47-631-A-1","https://datos.iepnb.es/kos/sector-publico/medio-ambiente/ifn3/taxon/Species26"
"info-47-637-A-1-23","ifn3","47-637-A-1","Valladolid","Pedraja de Portillo, La","Species23","Pinus pinea",80,109.92298000000002,10.750155,44.29625,33.430935000000005,,"https://datos.iepnb.es/recurso/sector-publico/medio-ambiente/ifn3/infoSpeciesPlot/info-47-637-A-1-23","https://datos.iepnb.es/recurso/sector-publico/medio-ambiente/ifn3/plot/plot-47-637-A-1","https://datos.iepnb.es/kos/sector-publico/medio-ambiente/ifn3/taxon/Species23"
"info-47-637-A-1-26","ifn3","47-637-A-1","Valladolid","Pedraja de Portillo, La","Species26","Pinus pinaster",20,14.1471,0.697225,1.94724,1.19554,,"https://datos.iepnb.es/recurso/sector-publico/medio-ambiente/ifn3/infoSpeciesPlot/info-47-637-A-1-26","https://datos.iepnb.es/recurso/sector-publico/medio-ambiente/ifn3/plot/plot-47-637-A-1","https://datos.iepnb.es/kos/sector-publico/medio-ambiente/ifn3/taxon/Species26"
"info-47-639-A-1-23","ifn3","47-639-A-1","Valladolid","Portillo","Species23","Pinus pinea",40,24.333019999999998,3.260231,15.41742,11.58288,,"https://datos.iepnb.es/recurso/sector-publico/medio-ambiente/ifn3/infoSpeciesPlot/info-47-639-A-1-23","https://datos.iepnb.es/recurso/sector-publico/medio-ambiente/ifn3/plot/plot-47-639-A-1","https://datos.iepnb.es/kos/sector-publico/medio-ambiente/ifn3/taxon/Species23"
"info-47-639-A-1-26","ifn3","47-639-A-1","Valladolid","Portillo","Species26","Pinus pinaster",60,36.92396,2.17628,13.095880000000001,8.80037,,"https://datos.iepnb.es/recurso/sector-publico/medio-ambiente/ifn3/infoSpeciesPlot/info-47-639-A-1-26","https://datos.iepnb.es/recurso/sector-publico/medio-ambiente/ifn3/plot/plot-47-639-A-1","https://datos.iepnb.es/kos/sector-publico/medio-ambiente/ifn3/taxon/Species26"
"info-47-640-A-1-23","ifn3","47-640-A-1","Valladolid","Portillo","Species23","Pinus pinea",70,105.25450000000001,11.97023,61.7705,45.751999999999995,,"https://datos.iepnb.es/recurso/sector-publico/medio-ambiente/ifn3/infoSpeciesPlot/info-47-640-A-1-23","https://datos.iepnb.es/recurso/sector-publico/medio-ambiente/ifn3/plot/plot-47-640-A-1","https://datos.iepnb.es/kos/sector-publico/medio-ambiente/ifn3/taxon/Species23"
"info-47-640-A-1-26","ifn3","47-640-A-1","Valladolid","Portillo","Species26","Pinus pinaster",30,14.1471,1.60867,10.1293,6.59325,,"https://datos.iepnb.es/recurso/sector-publico/medio-ambiente/ifn3/infoSpeciesPlot/info-47-640-A-1-26","https://datos.iepnb.es/recurso/sector-publico/medio-ambiente/ifn3/plot/plot-47-640-A-1","https://datos.iepnb.es/kos/sector-publico/medio-ambiente/ifn3/taxon/Species26"
"info-47-642-A-1-23","ifn3","47-642-A-1","Valladolid","Pedraja de Portillo, La","Species23","Pinus pinea",20,15.2789,2.76099,11.9479,9.03236,,"https://datos.iepnb.es/recurso/sector-publico/medio-ambiente/ifn3/infoSpeciesPlot/info-47-642-A-1-23","https://datos.iepnb.es/recurso/sector-publico/medio-ambiente/ifn3/plot/plot-47-642-A-1","https://datos.iepnb.es/kos/sector-publico/medio-ambiente/ifn3/taxon/Species23"
"info-47-642-A-1-26","ifn3","47-642-A-1","Valladolid","Pedraja de Portillo, La","Species26","Pinus pinaster",80,73.8479,4.3044899999999995,19.75814,13.18402,,"https://datos.iepnb.es/recurso/sector-publico/medio-ambiente/ifn3/infoSpeciesPlot/info-47-642-A-1-26","https://datos.iepnb.es/recurso/sector-publico/medio-ambiente/ifn3/plot/plot-47-642-A-1","https://datos.iepnb.es/kos/sector-publico/medio-ambiente/ifn3/taxon/Species26"
"info-47-645-A-1-23","ifn3","47-645-A-1","Valladolid","Pedraja de Portillo, La","Species23","Pinus pinea",80,40.743700000000004,7.4038699999999995,43.87747,33.71503,,"https://datos.iepnb.es/recurso/sector-publico/medio-ambiente/ifn3/infoSpeciesPlot/info-47-645-A-1-23","https://datos.iepnb.es/recurso/sector-publico/medio-ambiente/ifn3/plot/plot-47-645-A-1","https://datos.iepnb.es/kos/sector-publico/medio-ambiente/ifn3/taxon/Species23"
"info-47-645-A-1-26","ifn3","47-645-A-1","Valladolid","Pedraja de Portillo, La","Species26","Pinus pinaster",20,5.09296,0.889249,5.23251,3.57234,,"https://datos.iepnb.es/recurso/sector-publico/medio-ambiente/ifn3/infoSpeciesPlot/info-47-645-A-1-26","https://datos.iepnb.es/recurso/sector-publico/medio-ambiente/ifn3/plot/plot-47-645-A-1","https://datos.iepnb.es/kos/sector-publico/medio-ambiente/ifn3/taxon/Species26"
"info-47-647-A-1-23","ifn3","47-647-A-1","Valladolid","Pedraja de Portillo, La","Species23","Pinus pinea",40,80.9214,6.31603,17.03297,12.139240000000001,,"https://datos.iepnb.es/recurso/sector-publico/medio-ambiente/ifn3/infoSpeciesPlot/info-47-647-A-1-23","https://datos.iepnb.es/recurso/sector-publico/medio-ambiente/ifn3/plot/plot-47-647-A-1","https://datos.iepnb.es/kos/sector-publico/medio-ambiente/ifn3/taxon/Species23"
"info-47-647-A-1-26","ifn3","47-647-A-1","Valladolid","Pedraja de Portillo, La","Species26","Pinus pinaster",60,28.2942,2.23684,9.791080000000001,5.97795,,"https://datos.iepnb.es/recurso/sector-publico/medio-ambiente/ifn3/infoSpeciesPlot/info-47-647-A-1-26","https://datos.iepnb.es/recurso/sector-publico/medio-ambiente/ifn3/plot/plot-47-647-A-1","https://datos.iepnb.es/kos/sector-publico/medio-ambiente/ifn3/taxon/Species26"
"info-47-651-A-1-23","ifn3","47-651-A-1","Valladolid","Pedraja de Portillo, La","Species23","Pinus pinea",10,14.1471,1.9928,9.46052,7.04785,,"https://datos.iepnb.es/recurso/sector-publico/medio-ambiente/ifn3/infoSpeciesPlot/info-47-651-A-1-23","https://datos.iepnb.es/recurso/sector-publico/medio-ambiente/ifn3/plot/plot-47-651-A-1","https://datos.iepnb.es/kos/sector-publico/medio-ambiente/ifn3/taxon/Species23"
"info-47-651-A-1-26","ifn3","47-651-A-1","Valladolid","Pedraja de Portillo, La","Species26","Pinus pinaster",90,134.6805,15.075650000000001,96.75696,63.55123999999999,,"https://datos.iepnb.es/recurso/sector-publico/medio-ambiente/ifn3/infoSpeciesPlot/info-47-651-A-1-26","https://datos.iepnb.es/recurso/sector-publico/medio-ambiente/ifn3/plot/plot-47-651-A-1","https://datos.iepnb.es/kos/sector-publico/medio-ambiente/ifn3/taxon/Species26"
"info-47-654-A-1-23","ifn3","47-654-A-1","Valladolid","Pedraja de Portillo, La","Species23","Pinus pinea",50,5.09296,1.34328,7.68972,6.04699,,"https://datos.iepnb.es/recurso/sector-publico/medio-ambiente/ifn3/infoSpeciesPlot/info-47-654-A-1-23","https://datos.iepnb.es/recurso/sector-publico/medio-ambiente/ifn3/plot/plot-47-654-A-1","https://datos.iepnb.es/kos/sector-publico/medio-ambiente/ifn3/taxon/Species23"
"info-47-654-A-1-26","ifn3","47-654-A-1","Valladolid","Pedraja de Portillo, La","Species26","Pinus pinaster",50,14.1471,0.728178,3.38898,2.02045,,"https://datos.iepnb.es/recurso/sector-publico/medio-ambiente/ifn3/infoSpeciesPlot/info-47-654-A-1-26","https://datos.iepnb.es/recurso/sector-publico/medio-ambiente/ifn3/plot/plot-47-654-A-1","https://datos.iepnb.es/kos/sector-publico/medio-ambiente/ifn3/taxon/Species26"
"info-47-656-A-1-23","ifn3","47-656-A-1","Valladolid","Pedraja de Portillo, La","Species23","Pinus pinea",90,157.88190000000003,18.03068,90.10929999999999,66.65117,,"https://datos.iepnb.es/recurso/sector-publico/medio-ambiente/ifn3/infoSpeciesPlot/info-47-656-A-1-23","https://datos.iepnb.es/recurso/sector-publico/medio-ambiente/ifn3/plot/plot-47-656-A-1","https://datos.iepnb.es/kos/sector-publico/medio-ambiente/ifn3/taxon/Species23"
"info-47-656-A-1-26","ifn3","47-656-A-1","Valladolid","Pedraja de Portillo, La","Species26","Pinus pinaster",10,45.9781,1.775106,8.85399,5.378819999999999,,"https://datos.iepnb.es/recurso/sector-publico/medio-ambiente/ifn3/infoSpeciesPlot/info-47-656-A-1-26","https://datos.iepnb.es/recurso/sector-publico/medio-ambiente/ifn3/plot/plot-47-656-A-1","https://datos.iepnb.es/kos/sector-publico/medio-ambiente/ifn3/taxon/Species26"
"info-47-662-A-1-23","ifn3","47-662-A-1","Valladolid","Mojados","Species23","Pinus pinea",90,330.47656000000006,9.036189,36.38116,26.148099999999996,,"https://datos.iepnb.es/recurso/sector-publico/medio-ambiente/ifn3/infoSpeciesPlot/info-47-662-A-1-23","https://datos.iepnb.es/recurso/sector-publico/medio-ambiente/ifn3/plot/plot-47-662-A-1","https://datos.iepnb.es/kos/sector-publico/medio-ambiente/ifn3/taxon/Species23"
"info-47-662-A-1-26","ifn3","47-662-A-1","Valladolid","Mojados","Species26","Pinus pinaster",10,14.1471,0.565003,2.39142,1.39732,,"https://datos.iepnb.es/recurso/sector-publico/medio-ambiente/ifn3/infoSpeciesPlot/info-47-662-A-1-26","https://datos.iepnb.es/recurso/sector-publico/medio-ambiente/ifn3/plot/plot-47-662-A-1","https://datos.iepnb.es/kos/sector-publico/medio-ambiente/ifn3/taxon/Species26"
"info-47-666-A-1-26","ifn3","47-666-A-1","Valladolid","Pedraja de Portillo, La","Species26","Pinus pinaster",80,215.7436,14.129345999999998,89.78110000000001,56.40357,,"https://datos.iepnb.es/recurso/sector-publico/medio-ambiente/ifn3/infoSpeciesPlot/info-47-666-A-1-26","https://datos.iepnb.es/recurso/sector-publico/medio-ambiente/ifn3/plot/plot-47-666-A-1","https://datos.iepnb.es/kos/sector-publico/medio-ambiente/ifn3/taxon/Species26"
"info-47-666-A-1-23","ifn3","47-666-A-1","Valladolid","Pedraja de Portillo, La","Species23","Pinus pinea",20,24.333019999999998,2.482583,14.535879999999999,10.94962,,"https://datos.iepnb.es/recurso/sector-publico/medio-ambiente/ifn3/infoSpeciesPlot/info-47-666-A-1-23","https://datos.iepnb.es/recurso/sector-publico/medio-ambiente/ifn3/plot/plot-47-666-A-1","https://datos.iepnb.es/kos/sector-publico/medio-ambiente/ifn3/taxon/Species23"
"info-47-675-A-1-23","ifn3","47-675-A-1","Valladolid","Mojados","Species23","Pinus pinea",60,120.5335,15.58371,75.6926,56.50941,,"https://datos.iepnb.es/recurso/sector-publico/medio-ambiente/ifn3/infoSpeciesPlot/info-47-675-A-1-23","https://datos.iepnb.es/recurso/sector-publico/medio-ambiente/ifn3/plot/plot-47-675-A-1","https://datos.iepnb.es/kos/sector-publico/medio-ambiente/ifn3/taxon/Species23"
"info-47-675-A-1-26","ifn3","47-675-A-1","Valladolid","Mojados","Species26","Pinus pinaster",40,28.2942,2.076051,10.97674,6.76777,,"https://datos.iepnb.es/recurso/sector-publico/medio-ambiente/ifn3/infoSpeciesPlot/info-47-675-A-1-26","https://datos.iepnb.es/recurso/sector-publico/medio-ambiente/ifn3/plot/plot-47-675-A-1","https://datos.iepnb.es/kos/sector-publico/medio-ambiente/ifn3/taxon/Species26"
"info-47-680-A-1-23","ifn3","47-680-A-1","Valladolid","Portillo","Species23","Pinus pinea",30,29.42596,4.424091000000001,16.56587,12.36083,,"https://datos.iepnb.es/recurso/sector-publico/medio-ambiente/ifn3/infoSpeciesPlot/info-47-680-A-1-23","https://datos.iepnb.es/recurso/sector-publico/medio-ambiente/ifn3/plot/plot-47-680-A-1","https://datos.iepnb.es/kos/sector-publico/medio-ambiente/ifn3/taxon/Species23"
"info-47-680-A-1-26","ifn3","47-680-A-1","Valladolid","Portillo","Species26","Pinus pinaster",70,62.81312,6.420648999999999,34.83144,23.55228,,"https://datos.iepnb.es/recurso/sector-publico/medio-ambiente/ifn3/infoSpeciesPlot/info-47-680-A-1-26","https://datos.iepnb.es/recurso/sector-publico/medio-ambiente/ifn3/plot/plot-47-680-A-1","https://datos.iepnb.es/kos/sector-publico/medio-ambiente/ifn3/taxon/Species26"
"info-47-681-A-1-26","ifn3","47-681-A-1","Valladolid","Portillo","Species26","Pinus pinaster",100,99.0298,7.32311,38.58332,23.83951,,"https://datos.iepnb.es/recurso/sector-publico/medio-ambiente/ifn3/infoSpeciesPlot/info-47-681-A-1-26","https://datos.iepnb.es/recurso/sector-publico/medio-ambiente/ifn3/plot/plot-47-681-A-1","https://datos.iepnb.es/kos/sector-publico/medio-ambiente/ifn3/taxon/Species26"
"info-47-685-A-1-23","ifn3","47-685-A-1","Valladolid","Mojados","Species23","Pinus pinea",20,10.18592,3.45594,18.04108,14.46876,,"https://datos.iepnb.es/recurso/sector-publico/medio-ambiente/ifn3/infoSpeciesPlot/info-47-685-A-1-23","https://datos.iepnb.es/recurso/sector-publico/medio-ambiente/ifn3/plot/plot-47-685-A-1","https://datos.iepnb.es/kos/sector-publico/medio-ambiente/ifn3/taxon/Species23"
"info-47-685-A-1-26","ifn3","47-685-A-1","Valladolid","Mojados","Species26","Pinus pinaster",80,74.2723,2.723732,13.02102,7.7270959999999995,,"https://datos.iepnb.es/recurso/sector-publico/medio-ambiente/ifn3/infoSpeciesPlot/info-47-685-A-1-26","https://datos.iepnb.es/recurso/sector-publico/medio-ambiente/ifn3/plot/plot-47-685-A-1","https://datos.iepnb.es/kos/sector-publico/medio-ambiente/ifn3/taxon/Species26"
"info-47-699-A-1-23","ifn3","47-699-A-1","Valladolid","Mojados","Species23","Pinus pinea",40,72.57469999999999,8.49375,49.595259999999996,37.81331,,"https://datos.iepnb.es/recurso/sector-publico/medio-ambiente/ifn3/infoSpeciesPlot/info-47-699-A-1-23","https://datos.iepnb.es/recurso/sector-publico/medio-ambiente/ifn3/plot/plot-47-699-A-1","https://datos.iepnb.es/kos/sector-publico/medio-ambiente/ifn3/taxon/Species23"
"info-47-699-A-1-26","ifn3","47-699-A-1","Valladolid","Mojados","Species26","Pinus pinaster",60,58.8519,8.32488,56.09870000000001,38.38371,,"https://datos.iepnb.es/recurso/sector-publico/medio-ambiente/ifn3/infoSpeciesPlot/info-47-699-A-1-26","https://datos.iepnb.es/recurso/sector-publico/medio-ambiente/ifn3/plot/plot-47-699-A-1","https://datos.iepnb.es/kos/sector-publico/medio-ambiente/ifn3/taxon/Species26"